[
{
   "model": "contenttypes.contenttype",
   "pk": 1,
   "fields": {
      "app_label": "admin",
      "model": "logentry"
   }
},
{
   "model": "contenttypes.contenttype",
   "pk": 2,
   "fields": {
      "app_label": "auth",
      "model": "permission"
   }
},
{
   "model": "contenttypes.contenttype",
   "pk": 3,
   "fields": {
      "app_label": "auth",
      "model": "group"
   }
},
{
   "model": "contenttypes.contenttype",
   "pk": 4,
   "fields": {
      "app_label": "auth",
      "model": "user"
   }
},
{
   "model": "contenttypes.contenttype",
   "pk": 5,
   "fields": {
      "app_label": "contenttypes",
      "model": "contenttype"
   }
},
{
   "model": "contenttypes.contenttype",
   "pk": 6,
   "fields": {
      "app_label": "sessions",
      "model": "session"
   }
},
{
   "model": "contenttypes.contenttype",
   "pk": 7,
   "fields": {
      "app_label": "services",
      "model": "service"
   }
},
{
   "model": "contenttypes.contenttype",
   "pk": 8,
   "fields": {
      "app_label": "about_us",
      "model": "partners"
   }
},
{
   "model": "contenttypes.contenttype",
   "pk": 9,
   "fields": {
      "app_label": "about_us",
      "model": "aboutus"
   }
},
{
   "model": "contenttypes.contenttype",
   "pk": 10,
   "fields": {
      "app_label": "about_us",
      "model": "aboutusdetails"
   }
},
{
   "model": "contenttypes.contenttype",
   "pk": 11,
   "fields": {
      "app_label": "reviews",
      "model": "comment"
   }
},
{
   "model": "contenttypes.contenttype",
   "pk": 12,
   "fields": {
      "app_label": "news",
      "model": "new"
   }
},
{
   "model": "contenttypes.contenttype",
   "pk": 13,
   "fields": {
      "app_label": "experts",
      "model": "expert"
   }
},
{
   "model": "contenttypes.contenttype",
   "pk": 14,
   "fields": {
      "app_label": "portfolio",
      "model": "portfoliodetails"
   }
},
{
   "model": "contenttypes.contenttype",
   "pk": 15,
   "fields": {
      "app_label": "portfolio",
      "model": "portfolio"
   }
},
{
   "model": "contenttypes.contenttype",
   "pk": 16,
   "fields": {
      "app_label": "about_us",
      "model": "customer"
   }
},
{
   "model": "contenttypes.contenttype",
   "pk": 17,
   "fields": {
      "app_label": "emails",
      "model": "emailsendingfact"
   }
},
{
   "model": "contenttypes.contenttype",
   "pk": 18,
   "fields": {
      "app_label": "emails",
      "model": "emailtype"
   }
},
{
   "model": "sessions.session",
   "pk": "3exo74ohvs3cleobtf93sknq5clluhvc",
   "fields": {
      "session_data": "ZDIzODMyZDVlYjc3NjU5ZTM2YmQyNDNmNDAyYmQ2OGQ0NzA5YWJlYTp7Il9hdXRoX3VzZXJfaWQiOiIxIiwiX2F1dGhfdXNlcl9iYWNrZW5kIjoiZGphbmdvLmNvbnRyaWIuYXV0aC5iYWNrZW5kcy5Nb2RlbEJhY2tlbmQiLCJfYXV0aF91c2VyX2hhc2giOiIxMjFjMWQzMjhiYzczZTIzYzNjYjc3OWVkZDI4NjM5ZTZhMDFhNDczIn0=",
      "expire_date": "2020-06-05T11:37:36.909Z"
   }
},
{
   "model": "sessions.session",
   "pk": "4izkwjxyq3zom2j5yspv3c6c2bl7yozx",
   "fields": {
      "session_data": "ZDIzODMyZDVlYjc3NjU5ZTM2YmQyNDNmNDAyYmQ2OGQ0NzA5YWJlYTp7Il9hdXRoX3VzZXJfaWQiOiIxIiwiX2F1dGhfdXNlcl9iYWNrZW5kIjoiZGphbmdvLmNvbnRyaWIuYXV0aC5iYWNrZW5kcy5Nb2RlbEJhY2tlbmQiLCJfYXV0aF91c2VyX2hhc2giOiIxMjFjMWQzMjhiYzczZTIzYzNjYjc3OWVkZDI4NjM5ZTZhMDFhNDczIn0=",
      "expire_date": "2020-06-05T11:31:26.060Z"
   }
},
{
   "model": "sessions.session",
   "pk": "75g5hpr2hw0kvebn5voyi05tzq4jo2ps",
   "fields": {
      "session_data": "ZDIzODMyZDVlYjc3NjU5ZTM2YmQyNDNmNDAyYmQ2OGQ0NzA5YWJlYTp7Il9hdXRoX3VzZXJfaWQiOiIxIiwiX2F1dGhfdXNlcl9iYWNrZW5kIjoiZGphbmdvLmNvbnRyaWIuYXV0aC5iYWNrZW5kcy5Nb2RlbEJhY2tlbmQiLCJfYXV0aF91c2VyX2hhc2giOiIxMjFjMWQzMjhiYzczZTIzYzNjYjc3OWVkZDI4NjM5ZTZhMDFhNDczIn0=",
      "expire_date": "2020-06-03T13:40:06.325Z"
   }
},
{
   "model": "sessions.session",
   "pk": "8wss6s37e6afyvvsue8751okyd9dpvtm",
   "fields": {
      "session_data": "ZDIzODMyZDVlYjc3NjU5ZTM2YmQyNDNmNDAyYmQ2OGQ0NzA5YWJlYTp7Il9hdXRoX3VzZXJfaWQiOiIxIiwiX2F1dGhfdXNlcl9iYWNrZW5kIjoiZGphbmdvLmNvbnRyaWIuYXV0aC5iYWNrZW5kcy5Nb2RlbEJhY2tlbmQiLCJfYXV0aF91c2VyX2hhc2giOiIxMjFjMWQzMjhiYzczZTIzYzNjYjc3OWVkZDI4NjM5ZTZhMDFhNDczIn0=",
      "expire_date": "2020-06-03T18:57:05.071Z"
   }
},
{
   "model": "sessions.session",
   "pk": "9chf7iqhegw1v651f3tdbx0z4uemg6cp",
   "fields": {
      "session_data": "ZDIzODMyZDVlYjc3NjU5ZTM2YmQyNDNmNDAyYmQ2OGQ0NzA5YWJlYTp7Il9hdXRoX3VzZXJfaWQiOiIxIiwiX2F1dGhfdXNlcl9iYWNrZW5kIjoiZGphbmdvLmNvbnRyaWIuYXV0aC5iYWNrZW5kcy5Nb2RlbEJhY2tlbmQiLCJfYXV0aF91c2VyX2hhc2giOiIxMjFjMWQzMjhiYzczZTIzYzNjYjc3OWVkZDI4NjM5ZTZhMDFhNDczIn0=",
      "expire_date": "2020-06-05T12:19:07.906Z"
   }
},
{
   "model": "sessions.session",
   "pk": "bkillip20tmqggibxxane5tqxbt1h88h",
   "fields": {
      "session_data": "ZDIzODMyZDVlYjc3NjU5ZTM2YmQyNDNmNDAyYmQ2OGQ0NzA5YWJlYTp7Il9hdXRoX3VzZXJfaWQiOiIxIiwiX2F1dGhfdXNlcl9iYWNrZW5kIjoiZGphbmdvLmNvbnRyaWIuYXV0aC5iYWNrZW5kcy5Nb2RlbEJhY2tlbmQiLCJfYXV0aF91c2VyX2hhc2giOiIxMjFjMWQzMjhiYzczZTIzYzNjYjc3OWVkZDI4NjM5ZTZhMDFhNDczIn0=",
      "expire_date": "2020-06-03T13:28:20.461Z"
   }
},
{
   "model": "sessions.session",
   "pk": "e0l5s1spdobxgei8l76iii6psvcg5qgx",
   "fields": {
      "session_data": "ZDIzODMyZDVlYjc3NjU5ZTM2YmQyNDNmNDAyYmQ2OGQ0NzA5YWJlYTp7Il9hdXRoX3VzZXJfaWQiOiIxIiwiX2F1dGhfdXNlcl9iYWNrZW5kIjoiZGphbmdvLmNvbnRyaWIuYXV0aC5iYWNrZW5kcy5Nb2RlbEJhY2tlbmQiLCJfYXV0aF91c2VyX2hhc2giOiIxMjFjMWQzMjhiYzczZTIzYzNjYjc3OWVkZDI4NjM5ZTZhMDFhNDczIn0=",
      "expire_date": "2020-06-03T18:01:03.601Z"
   }
},
{
   "model": "sessions.session",
   "pk": "eekqvkgm2fwtvhxvdn8t3zcqfzsj1chw",
   "fields": {
      "session_data": "ZDIzODMyZDVlYjc3NjU5ZTM2YmQyNDNmNDAyYmQ2OGQ0NzA5YWJlYTp7Il9hdXRoX3VzZXJfaWQiOiIxIiwiX2F1dGhfdXNlcl9iYWNrZW5kIjoiZGphbmdvLmNvbnRyaWIuYXV0aC5iYWNrZW5kcy5Nb2RlbEJhY2tlbmQiLCJfYXV0aF91c2VyX2hhc2giOiIxMjFjMWQzMjhiYzczZTIzYzNjYjc3OWVkZDI4NjM5ZTZhMDFhNDczIn0=",
      "expire_date": "2020-06-05T11:41:39.527Z"
   }
},
{
   "model": "sessions.session",
   "pk": "irapc6cvie9fnydjlpgmsz2miobhpixd",
   "fields": {
      "session_data": "ZDIzODMyZDVlYjc3NjU5ZTM2YmQyNDNmNDAyYmQ2OGQ0NzA5YWJlYTp7Il9hdXRoX3VzZXJfaWQiOiIxIiwiX2F1dGhfdXNlcl9iYWNrZW5kIjoiZGphbmdvLmNvbnRyaWIuYXV0aC5iYWNrZW5kcy5Nb2RlbEJhY2tlbmQiLCJfYXV0aF91c2VyX2hhc2giOiIxMjFjMWQzMjhiYzczZTIzYzNjYjc3OWVkZDI4NjM5ZTZhMDFhNDczIn0=",
      "expire_date": "2020-06-05T11:56:14.118Z"
   }
},
{
   "model": "sessions.session",
   "pk": "ttcfy1vtc83g13g994z1g3iq4oc4thej",
   "fields": {
      "session_data": "ZDIzODMyZDVlYjc3NjU5ZTM2YmQyNDNmNDAyYmQ2OGQ0NzA5YWJlYTp7Il9hdXRoX3VzZXJfaWQiOiIxIiwiX2F1dGhfdXNlcl9iYWNrZW5kIjoiZGphbmdvLmNvbnRyaWIuYXV0aC5iYWNrZW5kcy5Nb2RlbEJhY2tlbmQiLCJfYXV0aF91c2VyX2hhc2giOiIxMjFjMWQzMjhiYzczZTIzYzNjYjc3OWVkZDI4NjM5ZTZhMDFhNDczIn0=",
      "expire_date": "2020-06-05T11:40:06.954Z"
   }
},
{
   "model": "sessions.session",
   "pk": "uutx1cciaormzylhn9kgrmn34iop35xt",
   "fields": {
      "session_data": "ZDIzODMyZDVlYjc3NjU5ZTM2YmQyNDNmNDAyYmQ2OGQ0NzA5YWJlYTp7Il9hdXRoX3VzZXJfaWQiOiIxIiwiX2F1dGhfdXNlcl9iYWNrZW5kIjoiZGphbmdvLmNvbnRyaWIuYXV0aC5iYWNrZW5kcy5Nb2RlbEJhY2tlbmQiLCJfYXV0aF91c2VyX2hhc2giOiIxMjFjMWQzMjhiYzczZTIzYzNjYjc3OWVkZDI4NjM5ZTZhMDFhNDczIn0=",
      "expire_date": "2020-06-03T18:02:29.724Z"
   }
},
{
   "model": "sessions.session",
   "pk": "xsnajxwgmkv1tytonvqhdxl0bsurtyoa",
   "fields": {
      "session_data": "ZDIzODMyZDVlYjc3NjU5ZTM2YmQyNDNmNDAyYmQ2OGQ0NzA5YWJlYTp7Il9hdXRoX3VzZXJfaWQiOiIxIiwiX2F1dGhfdXNlcl9iYWNrZW5kIjoiZGphbmdvLmNvbnRyaWIuYXV0aC5iYWNrZW5kcy5Nb2RlbEJhY2tlbmQiLCJfYXV0aF91c2VyX2hhc2giOiIxMjFjMWQzMjhiYzczZTIzYzNjYjc3OWVkZDI4NjM5ZTZhMDFhNDczIn0=",
      "expire_date": "2020-06-03T13:38:59.872Z"
   }
},
{
   "model": "sessions.session",
   "pk": "yoqxwzlty62o6z1twnmy6d7163nhg5kr",
   "fields": {
      "session_data": "ZDIzODMyZDVlYjc3NjU5ZTM2YmQyNDNmNDAyYmQ2OGQ0NzA5YWJlYTp7Il9hdXRoX3VzZXJfaWQiOiIxIiwiX2F1dGhfdXNlcl9iYWNrZW5kIjoiZGphbmdvLmNvbnRyaWIuYXV0aC5iYWNrZW5kcy5Nb2RlbEJhY2tlbmQiLCJfYXV0aF91c2VyX2hhc2giOiIxMjFjMWQzMjhiYzczZTIzYzNjYjc3OWVkZDI4NjM5ZTZhMDFhNDczIn0=",
      "expire_date": "2020-06-03T17:36:43.094Z"
   }
},
{
   "model": "sessions.session",
   "pk": "zhm8rgs9kk4w6tji8q74dja9vb6eaz26",
   "fields": {
      "session_data": "ZDIzODMyZDVlYjc3NjU5ZTM2YmQyNDNmNDAyYmQ2OGQ0NzA5YWJlYTp7Il9hdXRoX3VzZXJfaWQiOiIxIiwiX2F1dGhfdXNlcl9iYWNrZW5kIjoiZGphbmdvLmNvbnRyaWIuYXV0aC5iYWNrZW5kcy5Nb2RlbEJhY2tlbmQiLCJfYXV0aF91c2VyX2hhc2giOiIxMjFjMWQzMjhiYzczZTIzYzNjYjc3OWVkZDI4NjM5ZTZhMDFhNDczIn0=",
      "expire_date": "2020-06-05T11:32:45.134Z"
   }
},
{
   "model": "services.service",
   "pk": 1,
   "fields": {
      "name": "\u0421\u0435\u0440\u0432\u0438\u0441\u043d\u043e\u0435 \u043e\u0431\u0441\u043b\u0443\u0436\u0438\u0432\u0430\u043d\u0438\u0435",
      "slug": "servisnoe-obsluzhivanie",
      "tittle": "\u0421\u0435\u0440\u0432\u0438\u0441\u043d\u043e\u0435 \u043e\u0431\u0441\u043b\u0443\u0436\u0438\u0432\u0430\u043d\u0438\u0435 - \u043a\u043e\u043c\u043f\u043b\u0435\u043a\u0441 \u0440\u0430\u0431\u043e\u0442 \u043f\u043e \u0442\u0435\u0445\u043d\u0438\u0447\u0435\u0441\u043a\u043e\u043c\u0443 \u043e\u0431\u0441\u043b\u0435\u0434\u043e\u0432\u0430\u043d\u0438\u044e, \u0432\u044b\u044f\u0432\u043b\u0435\u043d\u0438\u044e \u043e\u0442\u043a\u0430\u0437\u043e\u0432 \u0438 \u0434\u0435\u0444\u0435\u043a\u0442\u043e\u0432, \u0442\u0435\u0445\u043d\u0438\u0447\u0435\u0441\u043a\u043e\u043c\u0443 \u043e\u0431\u0441\u043b\u0443\u0436\u0438\u0432\u0430\u043d\u0438\u044e, \u0440\u0435\u0433\u043b\u0430\u043c\u0435\u043d\u0442\u0438\u0440\u043e\u0432\u0430\u043d\u043d\u043e\u043c\u0443 \u0440\u0435\u043c\u043e\u043d\u0442\u0443 \u0438 \u0440\u0435\u043c\u043e\u043d\u0442\u0443 \u043f\u043e \u0442\u0435\u0445\u043d\u0438\u0447\u0435\u0441\u043a\u043e\u043c\u0443 \u0441\u043e\u0441\u0442\u043e\u044f\u043d\u0438\u044e (\u0442\u0435\u043a\u0443\u0449\u0435\u043c\u0443 \u0440\u0435\u043c\u043e\u043d\u0442\u0443) \u0441 \u043e\u0431\u0435\u0441\u043f\u0435\u0447\u0435\u043d\u0438\u0435\u043c \u043d\u0435\u043e\u0431\u0445\u043e\u0434\u0438\u043c\u044b\u043c\u0438 \u0437\u0430\u043f\u0430\u0441\u043d\u044b\u043c\u0438 \u0447\u0430\u0441\u0442\u044f\u043c\u0438, \u0430 \u0442\u0430\u043a\u0436\u0435 \u043a\u043e\u043d\u0442\u0440\u043e\u043b\u0435\u043c \u0437\u0430 \u0442\u0435\u0445\u043d\u0438\u0447\u0435\u0441\u043a\u0438\u043c \u0441\u043e\u0441\u0442\u043e\u044f\u043d\u0438\u0435\u043c \u043e\u0431\u043e\u0440\u0443\u0434\u043e\u0432\u0430\u043d\u0438\u044f \u0438 \u0441\u043e\u043e\u0440\u0443\u0436\u0435\u043d\u0438\u0439 \u044d\u043d\u0435\u0440\u0433\u043e\u0445\u043e\u0437\u044f\u0439\u0441\u0442\u0432\u0430 \u0432 \u043f\u0440\u043e\u0446\u0435\u0441\u0441\u0435 \u044d\u043a\u0441\u043f\u043b\u0443\u0430\u0442\u0430\u0446\u0438\u0438.",
      "image": "services/2020/05/22/services22.jpg",
      "position": 1,
      "description": "\u0412\u044b\u0441\u043e\u043a\u043e\u043a\u0432\u0430\u043b\u0438\u0444\u0438\u0446\u0438\u0440\u043e\u0432\u0430\u043d\u043d\u044b\u0435 \u0441\u043f\u0435\u0446\u0438\u0430\u043b\u0438\u0441\u0442\u044b \u0441\u0435\u0440\u0432\u0438\u0441\u043d\u043e\u0439 \u0441\u043b\u0443\u0436\u0431\u044b \u043a\u043e\u043c\u043f\u0430\u043d\u0438\u0438 \"\u0422\u0435\u043f\u043b\u043e\u0442\u0440\u043e\u043d\" \u043e\u0441\u0443\u0449\u0435\u0441\u0442\u0432\u043b\u044f\u044e\u0442 \u043f\u043e\u043b\u043d\u044b\u0439 \u043a\u043e\u043c\u043f\u043b\u0435\u043a\u0441 \u0440\u0430\u0431\u043e\u0442 \u043f\u043e \u043f\u0440\u043e\u0432\u0435\u0434\u0435\u043d\u0438\u044e \u0441\u0435\u0440\u0432\u0438\u0441\u043d\u043e-\u0442\u0435\u0445\u043d\u0438\u0447\u0435\u0441\u043a\u043e\u0433\u043e \u043e\u0431\u0441\u043b\u0443\u0436\u0438\u0432\u0430\u043d\u0438\u044f, \u0433\u0430\u0440\u0430\u043d\u0442\u0438\u0439\u043d\u043e\u0433\u043e \u0438 \u043f\u043e\u0441\u043b\u0435\u0433\u0430\u0440\u0430\u043d\u0442\u0438\u0439\u043d\u043e\u0433\u043e \u0440\u0435\u043c\u043e\u043d\u0442\u0430 \u043a\u043e\u0442\u0435\u043b\u044c\u043d\u043e\u0433\u043e \u043e\u0431\u043e\u0440\u0443\u0434\u043e\u0432\u0430\u043d\u0438\u044f \u0438 \u043a\u043e\u0442\u0435\u043b\u044c\u043d\u043e\u0439, \u0430 \u0442\u0430\u043a\u0436\u0435 \u043e\u0431\u043e\u0440\u0443\u0434\u043e\u0432\u0430\u043d\u0438\u044f \u044d\u043d\u0435\u0440\u0433\u0435\u0442\u0438\u0447\u0435\u0441\u043a\u043e\u0433\u043e \u0443\u0447\u0435\u0442\u0430 \u043b\u044e\u0431\u043e\u0439 \u0441\u043b\u043e\u0436\u043d\u043e\u0441\u0442\u0438. \u0421\u0435\u0440\u0432\u0438\u0441\u043d\u044b\u0439 \u0446\u0435\u043d\u0442\u0440 \u043a\u043e\u043c\u043f\u0430\u043d\u0438\u0438 \"\u0422\u0435\u043f\u043b\u043e\u0442\u0440\u043e\u043d\" \u043e\u0441\u043d\u0430\u0449\u0435\u043d \u0432\u0441\u0435\u043c \u043d\u0435\u043e\u0431\u0445\u043e\u0434\u0438\u043c\u044b\u043c \u043e\u0431\u043e\u0440\u0443\u0434\u043e\u0432\u0430\u043d\u0438\u0435\u043c \u0438 \u043f\u0440\u0438\u0431\u043e\u0440\u0430\u043c\u0438 \u0434\u043b\u044f \u043e\u043f\u0435\u0440\u0430\u0442\u0438\u0432\u043d\u043e\u0433\u043e \u043f\u0440\u043e\u0432\u0435\u0434\u0435\u043d\u0438\u044f \u0434\u0438\u0430\u0433\u043d\u043e\u0441\u0442\u0438\u0447\u0435\u0441\u043a\u0438\u0445 \u0438 \u0440\u0435\u043c\u043e\u043d\u0442\u043d\u044b\u0445 \u0440\u0430\u0431\u043e\u0442.",
      "available": true,
      "created": "2020-05-20",
      "updated": "2020-05-20"
   }
},
{
   "model": "services.service",
   "pk": 2,
   "fields": {
      "name": "\u0410\u0432\u0442\u043e\u043c\u0430\u0442\u0438\u0437\u0430\u0446\u0438\u044f",
      "slug": "avtomatizaciya",
      "tittle": "\u0410\u0432\u0442\u043e\u043c\u0430\u0442\u0438\u0437\u0430\u0446\u0438\u044f \u043f\u0440\u043e\u043c\u044b\u0448\u043b\u0435\u043d\u043d\u043e\u0433\u043e \u043f\u0440\u043e\u0438\u0437\u0432\u043e\u0434\u0441\u0442\u0432\u0430 \u0432\u043a\u043b\u044e\u0447\u0430\u0435\u0442 \u0432 \u0441\u0435\u0431\u044f \u043d\u0435 \u0442\u043e\u043b\u044c\u043a\u043e \u043d\u0435\u043f\u043e\u0441\u0440\u0435\u0434\u0441\u0442\u0432\u0435\u043d\u043d\u0443\u044e \u043e\u0440\u0433\u0430\u043d\u0438\u0437\u0430\u0446\u0438\u044e \u043f\u0440\u043e\u0446\u0435\u0441\u0441\u0430 \u0438\u0437\u0433\u043e\u0442\u043e\u0432\u043b\u0435\u043d\u0438\u044f \u043f\u0440\u043e\u0434\u0443\u043a\u0446\u0438\u0438 \u043d\u0430 \u0432\u0441\u0435\u0445 \u0435\u0433\u043e \u0441\u0442\u0430\u0434\u0438\u044f\u0445, \u043d\u043e \u0438 \u043a\u043e\u043c\u043f\u043b\u0435\u043a\u0441\u043d\u043e \u043e\u0445\u0432\u0430\u0442\u044b\u0432\u0430\u0435\u0442 \u0432\u0441\u0435 \u0441\u0444\u0435\u0440\u044b \u0436\u0438\u0437\u043d\u0435\u0434\u0435\u044f\u0442\u0435\u043b\u044c\u043d\u043e\u0441\u0442\u0438 \u043f\u0440\u0435\u0434\u043f\u0440\u0438\u044f\u0442\u0438\u044f, \u0432\u043a\u043b\u044e\u0447\u0430\u044f \u0430\u043d\u0430\u043b\u0438\u0437, \u043f\u043b\u0430\u043d\u0438\u0440\u043e\u0432\u0430\u043d\u0438\u0435, \u0444\u0438\u043d\u0430\u043d\u0441\u043e\u0432\u043e-\u044d\u043a\u043e\u043d\u043e\u043c\u0438\u0447\u0435\u0441\u043a\u0443\u044e \u0434\u0435\u044f\u0442\u0435\u043b\u044c\u043d\u043e\u0441\u0442\u044c, \u0431\u0443\u0445\u0433\u0430\u043b\u0442\u0435\u0440\u0441\u043a\u0438\u0439 \u0443\u0447\u0435\u0442, \u043b\u043e\u0433\u0438\u0441\u0442\u0438\u043a\u0443, \u0443\u043f\u0440\u0430\u0432\u043b\u0435\u043d\u0438\u0435 \u043f\u0435\u0440\u0441\u043e\u043d\u0430\u043b\u043e\u043c \u0438 \u043f\u0440. \u0421\u043f\u0435\u0446\u0438\u0430\u043b\u0438\u0437\u0438\u0440\u043e\u0432\u0430\u043d\u043d\u044b\u043c\u0438 \u0438\u043d\u0441\u0442\u0440\u0443\u043c\u0435\u043d\u0442\u0430\u043c\u0438 \u0434\u043b\u044f \u0432\u044b\u043f\u043e\u043b\u043d\u0435\u043d\u0438\u044f \u0437\u0430\u0434\u0430\u0447 \u043f\u043e \u0430\u0432\u0442\u043e\u043c\u0430\u0442\u0438\u0437\u0430\u0446\u0438\u0438 \u043f\u0440\u043e\u043c\u044b\u0448\u043b\u0435\u043d\u043d\u043e\u0433\u043e \u043f\u0440\u043e\u0438\u0437\u0432\u043e\u0434\u0441\u0442\u0432\u0430 \u0432\u044b\u0441\u0442\u0443\u043f\u0430\u044e\u0442 \u0440\u0435\u0448\u0435\u043d\u0438\u044f \u0410\u0421\u0410\u041f \u0434\u043b\u044f \u043f\u0440\u043e\u0432\u0435\u0434\u0435\u043d\u0438\u044f \u043a\u0430\u0447\u0435\u0441\u0442\u0432\u0435\u043d\u043d\u043e\u0439 \u0438 \u0434\u0435\u0442\u0430\u043b\u044c\u043d\u043e\u0439 \u0431\u0438\u0437\u043d\u0435\u0441-\u0430\u043d\u0430\u043b\u0438\u0442\u0438\u043a\u0438, \u0431\u044e\u0434\u0436\u0435\u0442\u0438\u0440\u043e\u0432\u0430\u043d\u0438\u044f \u0438 \u043a\u043e\u043d\u0441\u043e\u043b\u0438\u0434\u0430\u0446\u0438\u0438, \u043e\u0431\u0440\u0430\u0431\u043e\u0442\u043a\u0438 \u0431\u043e\u043b\u044c\u0448\u0438\u0445 \u043c\u0430\u0441\u0441\u0438\u0432\u043e\u0432 \u0434\u0430\u043d\u043d\u044b\u0445 \u0438 \u043f\u0440. \r\n\u041d\u043e \u043a\u043b\u044e\u0447\u0435\u0432\u044b\u043c \u0438\u043d\u0441\u0442\u0440\u0443\u043c\u0435\u043d\u0442\u043e\u043c \u0430\u0432\u0442\u043e\u043c\u0430\u0442\u0438\u0437\u0430\u0446\u0438\u0438 \u0434\u043b\u044f \u043f\u0440\u043e\u043c\u044b\u0448\u043b\u0435\u043d\u043d\u043e\u0433\u043e \u043f\u0440\u0435\u0434\u043f\u0440\u0438\u044f\u0442\u0438\u044f \u043e\u0441\u0442\u0430\u0435\u0442\u0441\u044f ERP - \u0441\u0438\u0441\u0442\u0435\u043c\u0430 \u043f\u043b\u0430\u043d\u0438\u0440\u043e\u0432\u0430\u043d\u0438\u044f \u0440\u0435\u0441\u0443\u0440\u0441\u043e\u0432 \u043f\u0440\u043e\u043c\u044b\u0448\u043b\u0435\u043d\u043d\u043e\u0433\u043e \u043f\u0440\u0435\u0434\u043f\u0440\u0438\u044f\u0442\u0438\u044f, \u0440\u0430\u0437\u0440\u0430\u0431\u043e\u0442\u0430\u043d\u043d\u0430\u044f \u0432 90-\u0445 \u0433\u043e\u0434\u0430\u0445 \u043f\u0440\u043e\u0448\u043b\u043e\u0433\u043e \u0432\u0435\u043a\u0430 \u0438 \u0441\u0442\u0430\u0432\u0448\u0430\u044f \u044d\u0442\u0430\u043b\u043e\u043d\u043d\u043e\u0439 \u0434\u043b\u044f \u0434\u0440\u0443\u0433\u0438\u0445 \u0441\u0444\u0435\u0440. \u0421\u0435\u0433\u043e\u0434\u043d\u044f \u043d\u0438 \u043e\u0434\u043d\u0430 \u043f\u0443\u0431\u043b\u0438\u0447\u043d\u0430\u044f \u043a\u0440\u0443\u043f\u043d\u0430\u044f \u043a\u043e\u043c\u043f\u0430\u043d\u0438\u044f \u0432 \u043c\u0438\u0440\u0435 \u043d\u0435 \u043c\u043e\u0436\u0435\u0442 \u0432\u0435\u0441\u0442\u0438 \u0441\u0432\u043e\u044e \u0434\u0435\u044f\u0442\u0435\u043b\u044c\u043d\u043e\u0441\u0442\u044c \u0431\u0435\u0437 \u0432\u043d\u0435\u0434\u0440\u0435\u043d\u0438\u044f \u0441\u0442\u0440\u0430\u0442\u0435\u0433\u0438\u0438 ERP.",
      "image": "services/2020/05/22/services19.jpg",
      "position": 2,
      "description": "\u0410\u0432\u0442\u043e\u043c\u0430\u0442\u0438\u0437\u0430\u0446\u0438\u044f \u043a\u043e\u0442\u0435\u043b\u044c\u043d\u044b\u0445 \u2013 \u043e\u0434\u043d\u043e \u0438\u0437 \u043e\u0441\u043d\u043e\u0432\u043d\u044b\u0445 \u043d\u0430\u043f\u0440\u0430\u0432\u043b\u0435\u043d\u0438\u0439 \u043a\u043e\u043c\u043f\u0430\u043d\u0438\u0438 \"\u0422\u0435\u043f\u043b\u043e\u0442\u0440\u043e\u043d\". \u0410\u0432\u0442\u043e\u043c\u0430\u0442\u0438\u0437\u0430\u0446\u0438\u044f - \u044d\u0442\u043e \u0438\u0441\u043f\u043e\u043b\u044c\u0437\u043e\u0432\u0430\u043d\u0438\u0435 \u0441\u0440\u0435\u0434\u0441\u0442\u0432, \u043d\u0435\u043e\u0431\u0445\u043e\u0434\u0438\u043c\u044b\u0445 \u0434\u043b\u044f \u043e\u0440\u0433\u0430\u043d\u0438\u0437\u0430\u0446\u0438\u0438 \u0430\u0432\u0442\u043e\u043d\u043e\u043c\u043d\u043e\u0433\u043e \u0444\u0443\u043d\u043a\u0446\u0438\u043e\u043d\u0438\u0440\u043e\u0432\u0430\u043d\u0438\u044f \u0442\u043e\u0439 \u0438\u043b\u0438 \u0438\u043d\u043e\u0439 \u0441\u0438\u0441\u0442\u0435\u043c\u044b \u0431\u0435\u0437 \u043d\u0435\u043f\u043e\u0441\u0440\u0435\u0434\u0441\u0442\u0432\u0435\u043d\u043d\u043e\u0433\u043e \u0443\u0447\u0430\u0441\u0442\u0438\u044f \u043e\u043f\u0435\u0440\u0430\u0442\u043e\u0440\u0430.\r\n\u0410\u0432\u0442\u043e\u043c\u0430\u0442\u0438\u0437\u0430\u0446\u0438\u044f \u043a\u043e\u0442\u0435\u043b\u044c\u043d\u044b\u0445 \u043f\u043e\u0437\u0432\u043e\u043b\u044f\u0435\u0442 \u0438\u0437\u0431\u0430\u0432\u0438\u0442\u044c\u0441\u044f \u043e\u0442 \u043d\u0435\u043e\u0431\u0445\u043e\u0434\u0438\u043c\u043e\u0441\u0442\u0438 \u043f\u043e\u0441\u0442\u043e\u044f\u043d\u043d\u043e\u0433\u043e \u043a\u043e\u043d\u0442\u0440\u043e\u043b\u044f \u0437\u0430 \u0444\u0443\u043d\u043a\u0446\u0438\u043e\u043d\u0438\u0440\u043e\u0432\u0430\u043d\u0438\u0435\u043c \u0440\u0430\u0431\u043e\u0442\u044b \u044d\u0442\u043e\u0439 \u0441\u0438\u0441\u0442\u0435\u043c\u044b. \u0421\u0435\u0433\u043e\u0434\u043d\u044f \u043f\u0440\u0430\u043a\u0442\u0438\u0447\u0435\u0441\u043a\u0438 \u0432\u0441\u0435 \u0442\u0435\u043f\u043b\u043e\u0432\u044b\u0435 \u043f\u0443\u043d\u043a\u0442\u044b (\u0418\u0422\u041f, \u0426\u0422\u041f) \u0438 \u043a\u043e\u0442\u0435\u043b\u044c\u043d\u044b\u0435 \u0443\u0441\u0442\u0430\u043d\u043e\u0432\u043a\u0438 \u043e\u0441\u043d\u0430\u0449\u0430\u044e\u0442\u0441\u044f \u0441\u043e\u0432\u0440\u0435\u043c\u0435\u043d\u043d\u044b\u043c\u0438 \u0441\u0440\u0435\u0434\u0441\u0442\u0432\u0430\u043c\u0438 \u0430\u0432\u0442\u043e\u043c\u0430\u0442\u0438\u0447\u0435\u0441\u043a\u043e\u0433\u043e \u0443\u043f\u0440\u0430\u0432\u043b\u0435\u043d\u0438\u044f, \u043f\u043e\u0437\u0432\u043e\u043b\u044f\u044e\u0449\u0438\u043c\u0438 \u0441\u043e\u0437\u0434\u0430\u0442\u044c \u0431\u0435\u0437\u043e\u043f\u0430\u0441\u043d\u0443\u044e, \u043d\u0430\u0434\u0435\u0436\u043d\u0443\u044e \u0438 \u0433\u0438\u0431\u043a\u0443\u044e \u0441\u0438\u0441\u0442\u0435\u043c\u0443 \u0433\u043e\u0440\u044f\u0447\u0435\u0433\u043e \u0432\u043e\u0434\u043e\u0441\u043d\u0430\u0431\u0436\u0435\u043d\u0438\u044f \u0438 \u043e\u0442\u043e\u043f\u043b\u0435\u043d\u0438\u044f.\r\n\u041f\u0440\u0435\u0434\u0441\u0442\u0430\u0432\u0438\u0442\u044c \u0441\u0435\u0431\u0435 \u043f\u043e\u043b\u043d\u043e\u0446\u0435\u043d\u043d\u0443\u044e \u043a\u043e\u0442\u0435\u043b\u044c\u043d\u0443\u044e \u0431\u0435\u0437 \u0430\u0432\u0442\u043e\u043c\u0430\u0442\u0438\u043a\u0438 \u0432 \u043d\u0430\u0448\u0435 \u0432\u0440\u0435\u043c\u044f \u043f\u0440\u0430\u043a\u0442\u0438\u0447\u0435\u0441\u043a\u0438 \u043d\u0435\u0432\u043e\u0437\u043c\u043e\u0436\u043d\u043e.",
      "available": true,
      "created": "2020-05-22",
      "updated": "2020-05-22"
   }
},
{
   "model": "services.service",
   "pk": 3,
   "fields": {
      "name": "\u0420\u0430\u0437\u0440\u0430\u0431\u043e\u0442\u043a\u0430 \u041f\u041e",
      "slug": "razrabotka-po",
      "tittle": "\u0420\u0430\u0437\u0440\u0430\u0431\u043e\u0442\u043a\u0430 \u043f\u0440\u043e\u0433\u0440\u0430\u043c\u043c\u043d\u043e\u0433\u043e \u043e\u0431\u0435\u0441\u043f\u0435\u0447\u0435\u043d\u0438\u044f \u043a\u0430\u043a \u0438\u043d\u0436\u0435\u043d\u0435\u0440\u043d\u0430\u044f \u0434\u0438\u0441\u0446\u0438\u043f\u043b\u0438\u043d\u0430 \u044f\u0432\u043b\u044f\u0435\u0442\u0441\u044f \u0441\u043e\u0441\u0442\u0430\u0432\u043d\u043e\u0439 \u0447\u0430\u0441\u0442\u044c\u044e (\u043e\u0431\u043b\u0430\u0441\u0442\u044c\u044e) \u043f\u0440\u043e\u0433\u0440\u0430\u043c\u043c\u043d\u043e\u0439 \u0438\u043d\u0436\u0435\u043d\u0435\u0440\u0438\u0438, \u043d\u0430\u0440\u044f\u0434\u0443 \u0441 \u0434\u0438\u0441\u0446\u0438\u043f\u043b\u0438\u043d\u0430\u043c\u0438, \u043e\u0442\u0432\u0435\u0447\u0430\u044e\u0449\u0438\u043c\u0438 \u0437\u0430 \u0444\u0443\u043d\u043a\u0446\u0438\u043e\u043d\u0438\u0440\u043e\u0432\u0430\u043d\u0438\u0435 \u0438 \u0441\u043e\u043f\u0440\u043e\u0432\u043e\u0436\u0434\u0435\u043d\u0438\u0435 \u043f\u0440\u043e\u0433\u0440\u0430\u043c\u043c\u043d\u044b\u0445 \u043f\u0440\u043e\u0434\u0443\u043a\u0442\u043e\u0432.",
      "image": "services/2020/05/22/services15.jpeg",
      "position": 3,
      "description": "\u0420\u0430\u0437\u0440\u0430\u0431\u043e\u0442\u043a\u0430 \u043f\u0440\u0438\u043a\u043b\u0430\u0434\u043d\u043e\u0433\u043e \u043f\u0440\u043e\u0433\u0440\u0430\u043c\u043c\u043d\u043e\u0433\u043e \u043e\u0431\u0435\u0441\u043f\u0435\u0447\u0435\u043d\u0438\u044f \u043e\u0442 \u041e\u041e\u041e \"\u0422\u0435\u043f\u043b\u043e\u0442\u0440\u043e\u043d\" \u2013 \u044d\u0442\u043e \u0441\u043e\u0437\u0434\u0430\u043d\u0438\u0435 \u0438 \u0432\u043d\u0435\u0434\u0440\u0435\u043d\u0438\u0435 \u0441\u043f\u0435\u0446\u0438\u0430\u043b\u0438\u0437\u0438\u0440\u043e\u0432\u0430\u043d\u043d\u043e\u0433\u043e \u043f\u0440\u043e\u0433\u0440\u0430\u043c\u043c\u043d\u043e\u0433\u043e \u043f\u0440\u043e\u0434\u0443\u043a\u0442\u0430, \u043a\u043e\u0442\u043e\u0440\u044b\u0439 \u043f\u043e\u043c\u043e\u0436\u0435\u0442 \u0412\u0430\u043c \u0443\u043f\u0440\u0430\u0432\u043b\u044f\u0442\u044c \u043f\u0440\u043e\u0446\u0435\u0441\u0441\u0430\u043c\u0438 \u043d\u0430 \u0432\u0430\u0448\u0435\u043c \u043f\u0440\u0435\u0434\u043f\u0440\u0438\u044f\u0442\u0438\u0438.\r\n\u041d\u0430\u0448\u0438 \u0441\u043f\u0435\u0446\u0438\u0430\u043b\u0438\u0441\u0442\u044b \u0440\u0430\u0437\u0440\u0430\u0431\u0430\u0442\u044b\u0432\u0430\u044e\u0442 \u0438 \u0432\u043d\u0435\u0434\u0440\u044f\u044e\u0442 \u0441\u0438\u0441\u0442\u0435\u043c\u044b SCADA \u0438 HMI, \u043f\u043e\u0437\u0432\u043e\u043b\u044f\u044e\u0449\u0438\u0435 \u043e\u0431\u0435\u0441\u043f\u0435\u0447\u0438\u0432\u0430\u0442\u044c \u043a\u043e\u043d\u0442\u0440\u043e\u043b\u044c \u0438 \u0443\u043f\u0440\u0430\u0432\u043b\u0435\u043d\u0438\u0435 \u0437\u0430 \u043f\u0440\u043e\u0446\u0435\u0441\u0441\u0430\u043c\u0438 \u043f\u0440\u043e\u0438\u0437\u0432\u043e\u0434\u0441\u0442\u0432\u0430 \u043d\u0430 \u0412\u0430\u0448\u0435\u043c \u043f\u0440\u0435\u0434\u043f\u0440\u0438\u044f\u0442\u0438\u0438.\r\n\u041f\u0440\u0438\u043a\u043b\u0430\u0434\u043d\u0430\u044f \u043f\u0440\u043e\u0433\u0440\u0430\u043c\u043c\u0430 \u0441\u0438\u0441\u0442\u0435\u043c\u044b \u0434\u0438\u0441\u043f\u0435\u0442\u0447\u0435\u0440\u0438\u0437\u0430\u0446\u0438\u0438 \u2013 \u044d\u0442\u043e \u043f\u0440\u043e\u0434\u0443\u043a\u0442 \u0440\u0430\u0437\u0440\u0430\u0431\u043e\u0442\u043a\u0438 \u0438 \u0432\u043d\u0435\u0434\u0440\u0435\u043d\u0438\u044f \u043f\u0440\u043e\u0433\u0440\u0430\u043c\u043c\u043d\u043e\u0433\u043e \u043e\u0431\u0435\u0441\u043f\u0435\u0447\u0435\u043d\u0438\u044f \u0410\u0421\u0423 \u0422\u041f, \u0443\u0447\u0438\u0442\u044b\u0432\u0430\u044e\u0449\u0435\u0433\u043e \u0438\u043d\u0434\u0438\u0432\u0438\u0434\u0443\u0430\u043b\u044c\u043d\u044b\u0435 \u043e\u0441\u043e\u0431\u0435\u043d\u043d\u043e\u0441\u0442\u0438 \u0438 \u043d\u0443\u0436\u0434\u044b \u043a\u043e\u043d\u043a\u0440\u0435\u0442\u043d\u043e\u0433\u043e \u043f\u0440\u0435\u0434\u043f\u0440\u0438\u044f\u0442\u0438\u044f \u0434\u043b\u044f \u0443\u043f\u0440\u0430\u0432\u043b\u0435\u043d\u0438\u044f \u0442\u0435\u0445\u043d\u043e\u043b\u043e\u0433\u0438\u0447\u0435\u0441\u043a\u0438\u043c\u0438 \u043f\u0440\u043e\u0446\u0435\u0441\u0441\u0430\u043c\u0438, \u043c\u043e\u043d\u0438\u0442\u043e\u0440\u0438\u043d\u0433\u0430 \u0443\u0441\u0442\u0430\u043d\u043e\u0432\u043e\u043a \u0438 \u043f\u0440\u0438\u0431\u043e\u0440\u043e\u0432, \u043a\u043e\u043d\u0442\u0440\u043e\u043b\u044f \u0440\u0430\u0431\u043e\u0447\u0438\u0445 \u043f\u0430\u0440\u0430\u043c\u0435\u0442\u0440\u043e\u0432, \u044d\u043a\u043e\u043d\u043e\u043c\u0438\u0447\u043d\u043e\u0433\u043e \u0440\u0430\u0441\u0445\u043e\u0434\u043e\u0432\u0430\u043d\u0438\u044f \u044d\u043d\u0435\u0440\u0433\u043e\u0440\u0435\u0441\u0443\u0440\u0441\u043e\u0432 \u0438 \u0434\u0440.\r\n\u041f\u0440\u0438\u043c\u0435\u043d\u0435\u043d\u0438\u0435 \u0441\u043f\u0435\u0446\u0438\u0430\u043b\u0438\u0437\u0438\u0440\u043e\u0432\u0430\u043d\u043d\u043e\u0433\u043e \u041f\u041e \u043f\u043e\u0437\u0432\u043e\u043b\u044f\u0435\u0442 \u044d\u0444\u0444\u0435\u043a\u0442\u0438\u0432\u043d\u043e \u0443\u043f\u0440\u0430\u0432\u043b\u044f\u0442\u044c \u043f\u0440\u0435\u0434\u043f\u0440\u0438\u044f\u0442\u0438\u0435\u043c \u0434\u043b\u044f \u0440\u0435\u0448\u0435\u043d\u0438\u044f \u0437\u0430\u0434\u0430\u0447: \u043f\u0440\u043e\u0438\u0437\u0432\u043e\u0434\u0441\u0442\u0432\u0435\u043d\u043d\u044b\u0445, \u044d\u043a\u043e\u043d\u043e\u043c\u0438\u0447\u0435\u0441\u043a\u0438\u0445 \u0438 \u0431\u0435\u0437\u043e\u043f\u0430\u0441\u043d\u043e\u0441\u0442\u0438. \u0412 \u043e\u0442\u043b\u0438\u0447\u0438\u0435 \u043e\u0442 \u0442\u0438\u043f\u043e\u0432\u044b\u0445 \u043f\u0440\u043e\u0433\u0440\u0430\u043c\u043c\u043d\u044b\u0445 \u043f\u0440\u043e\u0434\u0443\u043a\u0442\u043e\u0432 \u043f\u0440\u0435\u0434\u043f\u043e\u043b\u0430\u0433\u0430\u0435\u0442 \u0438\u0441\u043f\u043e\u043b\u044c\u0437\u043e\u0432\u0430\u043d\u0438\u0435 \u0442\u0440\u0435\u0431\u0443\u0435\u043c\u044b\u0445 \u043d\u0430 \u043a\u043e\u043d\u043a\u0440\u0435\u0442\u043d\u043e\u043c \u043f\u0440\u043e\u0438\u0437\u0432\u043e\u0434\u0441\u0442\u0432\u0435 \u0444\u0443\u043d\u043a\u0446\u0438\u0439, \u0447\u0442\u043e \u0443\u043f\u0440\u043e\u0449\u0430\u0435\u0442 \u0438 \u0443\u0434\u0435\u0448\u0435\u0432\u043b\u044f\u0435\u0442 \u0441\u0445\u0435\u043c\u0443 \u0434\u0438\u0441\u043f\u0435\u0442\u0447\u0435\u0440\u0438\u0437\u0430\u0446\u0438\u0438 \u0437\u0434\u0430\u043d\u0438\u0439, \u0441\u043e\u043e\u0440\u0443\u0436\u0435\u043d\u0438\u0439 \u0438 \u043f\u0440\u0435\u0434\u043f\u0440\u0438\u044f\u0442\u0438\u0439.",
      "available": true,
      "created": "2020-05-22",
      "updated": "2020-05-22"
   }
},
{
   "model": "services.service",
   "pk": 4,
   "fields": {
      "name": "\u041f\u0440\u043e\u0435\u043a\u0442\u0438\u0440\u043e\u0432\u0430\u043d\u0438\u0435",
      "slug": "proektirovanie",
      "tittle": "\u041f\u0440\u043e\u0435\u043a\u0442\u0438\u0440\u043e\u0432\u0430\u043d\u0438\u0435 \u2014 \u043f\u0440\u043e\u0446\u0435\u0441\u0441 \u043e\u043f\u0440\u0435\u0434\u0435\u043b\u0435\u043d\u0438\u044f \u0430\u0440\u0445\u0438\u0442\u0435\u043a\u0442\u0443\u0440\u044b, \u043a\u043e\u043c\u043f\u043e\u043d\u0435\u043d\u0442\u043e\u0432, \u0438\u043d\u0442\u0435\u0440\u0444\u0435\u0439\u0441\u043e\u0432 \u0438 \u0434\u0440\u0443\u0433\u0438\u0445 \u0445\u0430\u0440\u0430\u043a\u0442\u0435\u0440\u0438\u0441\u0442\u0438\u043a \u0441\u0438\u0441\u0442\u0435\u043c\u044b \u0438\u043b\u0438 \u0435\u0451 \u0447\u0430\u0441\u0442\u0438 (ISO 24765). \u0420\u0435\u0437\u0443\u043b\u044c\u0442\u0430\u0442\u043e\u043c \u043f\u0440\u043e\u0435\u043a\u0442\u0438\u0440\u043e\u0432\u0430\u043d\u0438\u044f \u044f\u0432\u043b\u044f\u0435\u0442\u0441\u044f \u043f\u0440\u043e\u0435\u043a\u0442 \u2014 \u0446\u0435\u043b\u043e\u0441\u0442\u043d\u0430\u044f \u0441\u043e\u0432\u043e\u043a\u0443\u043f\u043d\u043e\u0441\u0442\u044c \u043c\u043e\u0434\u0435\u043b\u0435\u0439, \u0441\u0432\u043e\u0439\u0441\u0442\u0432 \u0438\u043b\u0438 \u0445\u0430\u0440\u0430\u043a\u0442\u0435\u0440\u0438\u0441\u0442\u0438\u043a, \u043e\u043f\u0438\u0441\u0430\u043d\u043d\u044b\u0445 \u0432 \u0444\u043e\u0440\u043c\u0435, \u043f\u0440\u0438\u0433\u043e\u0434\u043d\u043e\u0439 \u0434\u043b\u044f \u0440\u0435\u0430\u043b\u0438\u0437\u0430\u0446\u0438\u0438 \u0441\u0438\u0441\u0442\u0435\u043c\u044b.",
      "image": "services/2020/05/22/services9.jpeg",
      "position": 4,
      "description": "\u0421\u043f\u0435\u0446\u0438\u0430\u043b\u0438\u0441\u0442\u044b \u043a\u043e\u043c\u043f\u0430\u043d\u0438\u0438 \"\u0422\u0435\u043f\u043b\u043e\u0442\u0440\u043e\u043d\" \u043f\u0440\u0435\u0434\u043b\u0430\u0433\u0430\u044e\u0442 \u043f\u043e\u043b\u043d\u044b\u0439 \u043a\u043e\u043c\u043f\u043b\u0435\u043a\u0441 \u0440\u0430\u0431\u043e\u0442 \u043f\u043e  \u043f\u0440\u043e\u0435\u043a\u0442\u0438\u0440\u043e\u0432\u0430\u043d\u0438\u044e \u043f\u0440\u043e\u043c\u044b\u0448\u043b\u0435\u043d\u043d\u044b\u0445 \u043e\u0431\u044a\u0435\u043a\u0442\u043e\u0432 \u043b\u044e\u0431\u043e\u0439 \u0441\u0442\u0435\u043f\u0435\u043d\u0438 \u0441\u043b\u043e\u0436\u043d\u043e\u0441\u0442\u0438. \u0420\u0430\u0437\u0440\u0430\u0431\u043e\u0442\u0430\u0435\u043c \u043f\u0440\u043e\u0435\u043a\u0442 \u043b\u044e\u0431\u043e\u0439 \u0441\u043b\u043e\u0436\u043d\u043e\u0441\u0442\u0438, \u0432 \u0442\u043e\u043c \u0447\u0438\u0441\u043b\u0435 \u0438 \"\u043f\u043e\u0434 \u043a\u043b\u044e\u0447\", \u2013 \u043e\u0442 \u043f\u0440\u0435\u0434\u043f\u0440\u043e\u0435\u043a\u0442\u043d\u043e\u0433\u043e \u0430\u043d\u0430\u043b\u0438\u0437\u0430 \u0434\u043e \u0443\u0442\u0432\u0435\u0440\u0436\u0434\u0435\u043d\u0438\u044f \u0438 \u0441\u043e\u0433\u043b\u0430\u0441\u043e\u0432\u0430\u043d\u0438\u044f \u0434\u043e\u043a\u0443\u043c\u0435\u043d\u0442\u0430\u0446\u0438\u0438 \u0432 \u0440\u0430\u0437\u0440\u0435\u0448\u0438\u0442\u0435\u043b\u044c\u043d\u044b\u0445 \u0438\u043d\u0441\u0442\u0430\u043d\u0446\u0438\u044f\u0445.  \u041a\u043e\u043c\u043f\u043b\u0435\u043a\u0441\u043d\u044b\u0439 \u043f\u043e\u0434\u0445\u043e\u0434 \u043a \u043f\u0440\u043e\u0435\u043a\u0442\u0438\u0440\u043e\u0432\u0430\u043d\u0438\u044e, \u043f\u0440\u0438\u043c\u0435\u043d\u0435\u043d\u0438\u0435 \u043f\u0440\u043e\u0433\u0440\u0435\u0441\u0441\u0438\u0432\u043d\u044b\u0445 \u043c\u0435\u0442\u043e\u0434\u043e\u0432 \u043c\u043e\u0434\u0435\u043b\u0438\u0440\u043e\u0432\u0430\u043d\u0438\u044f, \u043c\u043d\u043e\u0433\u043e\u043b\u0435\u0442\u043d\u0438\u0439 \u043e\u043f\u044b\u0442 \u0438 \u0437\u043d\u0430\u043d\u0438\u0435 \u0442\u0435\u0445\u043d\u043e\u043b\u043e\u0433\u0438\u0447\u0435\u0441\u043a\u0438\u0445 \u0442\u0440\u0435\u0431\u043e\u0432\u0430\u043d\u0438\u0439 \u0438 \u043d\u043e\u0440\u043c\u0430\u0442\u0438\u0432\u043d\u044b\u0445 \u0434\u043e\u043a\u0443\u043c\u0435\u043d\u0442\u043e\u0432 \u2013 \u0433\u0430\u0440\u0430\u043d\u0442\u0438\u044f \u0443\u0441\u043f\u0435\u0448\u043d\u043e\u0439 \u0440\u0435\u0430\u043b\u0438\u0437\u0430\u0446\u0438\u0438 \u043f\u0440\u043e\u0435\u043a\u0442\u043e\u0432 \u043e\u0431\u044a\u0435\u043a\u0442\u043e\u0432 \u043f\u0440\u043e\u043c\u044b\u0448\u043b\u0435\u043d\u043d\u043e\u0439 \u0441\u0444\u0435\u0440\u044b. \u041d\u0430\u0434 \u043a\u0430\u0436\u0434\u044b\u043c \u0437\u0430\u0434\u0430\u043d\u0438\u0435\u043c \u0442\u0440\u0443\u0434\u0438\u0442\u0441\u044f \u043a\u043e\u043c\u0430\u043d\u0434\u0430 \u0430\u0440\u0445\u0438\u0442\u0435\u043a\u0442\u043e\u0440\u043e\u0432, \u0434\u0438\u0437\u0430\u0439\u043d\u0435\u0440\u043e\u0432, \u0438\u043d\u0436\u0435\u043d\u0435\u0440\u043e\u0432 \u0438 \u0442\u0435\u0445\u043d\u043e\u043b\u043e\u0433\u043e\u0432, \u0447\u0442\u043e\u0431\u044b \u0434\u043e\u0431\u0438\u0442\u044c\u0441\u044f  \u043e\u043f\u0442\u0438\u043c\u0430\u043b\u044c\u043d\u043e\u0433\u043e \u0441\u043e\u0447\u0435\u0442\u0430\u043d\u0438\u044f \u044d\u0441\u0442\u0435\u0442\u0438\u043a\u0438 \u0438 \u0444\u0443\u043d\u043a\u0446\u0438\u043e\u043d\u0430\u043b\u044c\u043d\u043e\u0441\u0442\u0438 \u0433\u043e\u0442\u043e\u0432\u043e\u0433\u043e \u0437\u0434\u0430\u043d\u0438\u044f.",
      "available": true,
      "created": "2020-05-22",
      "updated": "2020-05-22"
   }
},
{
   "model": "services.service",
   "pk": 5,
   "fields": {
      "name": "\u041f\u0443\u0441\u043a\u043e\u043d\u0430\u043b\u0430\u0434\u043e\u0447\u043d\u044b\u0435 \u0440\u0430\u0431\u043e\u0442\u044b",
      "slug": "puskonaladochnye-raboty",
      "tittle": "",
      "image": "services/2020/05/22/services20.jpg",
      "position": 5,
      "description": "",
      "available": true,
      "created": "2020-05-22",
      "updated": "2020-05-22"
   }
},
{
   "model": "services.service",
   "pk": 6,
   "fields": {
      "name": "\u041f\u0440\u043e\u0438\u0437\u0432\u043e\u0434\u0441\u0442\u0432\u043e \u0411\u041c\u041a \u043f\u043e\u0434 \u043a\u043b\u044e\u0447",
      "slug": "proizvodstvo-bmk-pod-klyuch",
      "tittle": "\u041f\u0440\u0435\u0438\u043c\u0443\u0449\u0435\u0441\u0442\u0432\u0430 \u0411\u041c\u041a: \u043d\u0435 \u0442\u0440\u0435\u0431\u0443\u0435\u0442\u0441\u044f \u0432\u043e\u0437\u0432\u0435\u0434\u0435\u043d\u0438\u0435 \u043a\u0430\u043f\u0438\u0442\u0430\u043b\u044c\u043d\u044b\u0445 \u043a\u043e\u043d\u0441\u0442\u0440\u0443\u043a\u0446\u0438\u0439 \u0434\u043b\u044f \u0440\u0430\u0437\u043c\u0435\u0449\u0435\u043d\u0438\u044f \u043a\u043e\u0442\u0435\u043b\u044c\u043d\u043e\u0439, \u0411\u041c\u041a \u043c\u043e\u0436\u0435\u0442 \u0431\u044b\u0442\u044c \u0440\u0430\u0437\u043c\u0435\u0449\u0435\u043d\u0430 \u043f\u0440\u0430\u043a\u0442\u0438\u0447\u0435\u0441\u043a\u0438 \u0432 \u043b\u044e\u0431\u043e\u043c \u0443\u0434\u043e\u0431\u043d\u043e\u043c \u0434\u043b\u044f \u0417\u0430\u043a\u0430\u0437\u0447\u0438\u043a\u0430 \u043c\u0435\u0441\u0442\u0435, \u0443\u0434\u043e\u0432\u043b\u0435\u0442\u0432\u043e\u0440\u044f\u044e\u0449\u0435\u043c \u0442\u0440\u0435\u0431\u043e\u0432\u0430\u043d\u0438\u044f\u043c \u043d\u043e\u0440\u043c \u0438 \u043f\u0440\u0430\u0432\u0438\u043b: \u043a\u043e\u0442\u0435\u043b\u044c\u043d\u0430\u044f \u043c\u043e\u0436\u0435\u0442 \u0431\u044b\u0442\u044c \u043e\u0442\u0434\u0435\u043b\u044c\u043d\u043e \u0441\u0442\u043e\u044f\u0449\u0430\u044f, \u043a\u0440\u044b\u0448\u043d\u0430\u044f. \u043f\u0440\u0438\u0441\u0442\u0440\u043e\u0435\u043d\u043d\u0430\u044f. \u041d\u0430\u0438\u0431\u043e\u043b\u0435\u0435 \u043e\u043f\u0442\u0438\u043c\u0430\u043b\u044c\u043d\u044b\u0439 \u0432\u0430\u0440\u0438\u0430\u043d\u0442 \u043e\u043f\u0440\u0435\u0434\u0435\u043b\u044f\u0435\u0442\u0441\u044f \u043d\u0430 \u0441\u0442\u0430\u0434\u0438\u0438 \u043f\u0440\u0435\u0434\u043f\u0440\u043e\u0435\u043a\u0442\u043d\u043e\u0433\u043e \u043e\u0431\u0441\u043b\u0435\u0434\u043e\u0432\u0430\u043d\u0438\u044f. \u0412\u043e\u0437\u043c\u043e\u0436\u043d\u043e\u0441\u0442\u044c \u043f\u043e\u044d\u0442\u0430\u043f\u043d\u043e\u0433\u043e \u0443\u0432\u0435\u043b\u0438\u0447\u0435\u043d\u0438\u044f \u043c\u043e\u0449\u043d\u043e\u0441\u0442\u0438 \u0437\u0430 \u0441\u0447\u0451\u0442 \u0438\u0441\u043f\u043e\u043b\u044c\u0437\u043e\u0432\u0430\u043d\u0438\u044f \u043c\u043e\u0434\u0443\u043b\u044c\u043d\u044b\u0445 \u043a\u043e\u043d\u0441\u0442\u0440\u0443\u043a\u0446\u0438\u0439. \u0412\u043e \u043c\u043d\u043e\u0433\u0438\u0445 \u0441\u043b\u0443\u0447\u0430\u044f\u0445 \u043f\u043e\u044d\u0442\u0430\u043f\u043d\u043e\u0435 \u0432\u0432\u0435\u0434\u0435\u043d\u0438\u0435 \u043c\u043e\u0449\u043d\u043e\u0441\u0442\u0435\u0439 \u0432 \u044d\u043a\u0441\u043f\u043b\u0443\u0430\u0442\u0430\u0446\u0438\u044e \u044f\u0432\u043b\u044f\u0435\u0442\u0441\u044f \u044d\u043a\u043e\u043d\u043e\u043c\u0438\u0447\u0435\u0441\u043a\u0438 \u0432\u044b\u0433\u043e\u0434\u043d\u044b\u043c \u0438 \u0446\u0435\u043b\u0435\u0441\u043e\u043e\u0431\u0440\u0430\u0437\u043d\u044b\u043c. \u041e\u043f\u0435\u0440\u0430\u0442\u0438\u0432\u043d\u043e\u0441\u0442\u044c \u043c\u043e\u043d\u0442\u0430\u0436\u0430 \u043a\u043e\u0442\u0435\u043b\u044c\u043d\u043e\u0439 \u043d\u0430 \u043e\u0431\u044a\u0435\u043a\u0442\u0435. \u041a\u043e\u0442\u0435\u043b\u044c\u043d\u0430\u044f \u043b\u044e\u0431\u043e\u0433\u043e \u0440\u0430\u0437\u043c\u0435\u0440\u0430 \u0438 \u043b\u044e\u0431\u043e\u0439 \u043c\u043e\u0449\u043d\u043e\u0441\u0442\u0438 \u043c\u043e\u0436\u0435\u0442 \u0431\u044b\u0442\u044c \u0441\u043e\u0431\u0440\u0430\u043d\u0430 \u043d\u0430 \u043e\u0431\u044a\u0435\u043a\u0442\u0435 \u0438\u0437 \u0433\u043e\u0442\u043e\u0432\u044b\u0445 \u0431\u043b\u043e\u043a-\u043c\u043e\u0434\u0443\u043b\u0435\u0439, \u0447\u0442\u043e \u0437\u043d\u0430\u0447\u0438\u0442\u0435\u043b\u044c\u043d\u043e \u0443\u0441\u043a\u043e\u0440\u044f\u0435\u0442 \u043f\u0440\u043e\u0446\u0435\u0441\u0441 \u043c\u043e\u043d\u0442\u0430\u0436\u0430 \u0438 \u0437\u0430\u043f\u0443\u0441\u043a\u0430.",
      "image": "services/2020/05/22/services21_HrWuOwD.jpg",
      "position": 6,
      "description": "\u041d\u0430\u0448\u0438 \u0441\u043f\u0435\u0446\u0438\u0430\u043b\u0438\u0441\u0442\u044b \u0441\u043c\u043e\u0433\u0443\u0442 \u043e\u0431\u0435\u0441\u043f\u0435\u0447\u0438\u0442\u044c \u0412\u0430\u043c \u043a\u043e\u043c\u043f\u043b\u0435\u043a\u0441\u043d\u0443\u044e \u0430\u0432\u0442\u043e\u043c\u0430\u0442\u0438\u0437\u0430\u0446\u0438\u044e \u0438 \u0434\u0438\u0441\u043f\u0435\u0442\u0447\u0435\u0440\u0438\u0437\u0430\u0446\u0438\u044e \u0411\u041c\u041a, \u043f\u0440\u0435\u0434\u0443\u0441\u043c\u0430\u0442\u0440\u0438\u0432\u0430\u044e\u0449\u0438\u0435 \u0440\u0430\u0431\u043e\u0442\u0443 \u0431\u0435\u0437 \u043f\u043e\u0441\u0442\u043e\u044f\u043d\u043d\u043e\u0433\u043e \u043f\u0440\u0438\u0441\u0443\u0442\u0441\u0442\u0432\u0438\u044f \u043e\u0431\u0441\u043b\u0443\u0436\u0438\u0432\u0430\u044e\u0449\u0435\u0433\u043e \u043f\u0435\u0440\u0441\u043e\u043d\u0430\u043b\u0430 \u0441 \u0432\u044b\u0434\u0430\u0447\u0435\u0439 \u0430\u0432\u0430\u0440\u0438\u0439\u043d\u044b\u0445 \u0438 \u0441\u0435\u0440\u0432\u0438\u0441\u043d\u044b\u0445 \u0441\u043e\u043e\u0431\u0449\u0435\u043d\u0438\u0439 \u043d\u0430 \u043f\u0443\u043b\u044c\u0442 \u0434\u0438\u0441\u043f\u0435\u0442\u0447\u0435\u0440\u0430 \u0438\u043b\u0438 \u0441\u043c\u0441-\u0438\u043d\u0444\u043e\u0440\u043c\u0438\u0440\u043e\u0432\u0430\u043d\u0438\u044f.",
      "available": true,
      "created": "2020-05-22",
      "updated": "2020-05-22"
   }
},
{
   "model": "about_us.aboutus",
   "pk": 1,
   "fields": {
      "name": "\u041e\u041e\u041e \"\u0422\u0435\u043f\u043b\u043e\u0442\u0440\u043e\u043d\"",
      "tittle": "\u041e\u041e\u041e \"\u0422\u0435\u043f\u043b\u043e\u0442\u0440\u043e\u043d\" - \u0420\u043e\u0441\u0441\u0438\u0439\u0441\u043a\u0430\u044f \u043a\u043e\u043c\u043f\u0430\u043d\u0438\u044f, \u043e\u0441\u043d\u043e\u0432\u0430\u043d\u043d\u0430\u044f \u0432 2018 \u0433\u043e\u0434\u0443. \u0412 \u0441\u043f\u0435\u043a\u0442\u0440 \u0434\u0435\u044f\u0442\u0435\u043b\u044c\u043d\u043e\u0441\u0442\u0438 \u0432\u0445\u043e\u0434\u0438\u0442 \u043f\u043e\u043b\u043d\u044b\u0439 \u043f\u0435\u0440\u0435\u0447\u0435\u043d\u044c \u043f\u0443\u0441\u043a\u043e\u043d\u0430\u043b\u0430\u0434\u043e\u0447\u043d\u044b\u0445 \u0440\u0430\u0431\u043e\u0442 \u0434\u043b\u044f \u043e\u0431\u044a\u0435\u043a\u0442\u043e\u0432 \u0440\u0430\u0437\u043d\u043e\u0439 \u0441\u043b\u043e\u0436\u043d\u043e\u0441\u0442\u0438, \u0441\u0435\u0440\u0432\u0438\u0441\u043d\u043e\u0435 \u043e\u0431\u0441\u043b\u0443\u0436\u0438\u0432\u0430\u043d\u0438\u0435 \u0443\u0437\u043b\u043e\u0432 \u0442\u043e\u043f\u043b\u0438\u0432\u043d\u043e\u0433\u043e \u0443\u0447\u0435\u0442\u0430, \u0441\u0442\u0440\u043e\u0438\u0442\u0435\u043b\u044c\u0441\u0442\u0432\u043e \u043a\u043e\u0442\u0435\u043b\u044c\u043d\u044b\u0445 \u043f\u043e\u0434 \u043a\u043b\u044e\u0447, \u043f\u0440\u043e\u0435\u043a\u0442\u0438\u0440\u043e\u0432\u0430\u043d\u0438\u0435 \u0441\u0438\u0441\u0442\u0435\u043c \u0438 \u043e\u0431\u044a\u0435\u043a\u0442\u043e\u0432 \u0438 \u043c\u043d\u043e\u0433\u043e\u0435 \u0434\u0440\u0443\u0433\u043e\u0435.",
      "image": "about_us/2020/05/20/about_us_bfckutL.png",
      "description": "\u041d\u0430\u0448\u0430 \u043a\u043e\u043c\u0430\u043d\u0434\u0430 \u0441\u043c\u043e\u0436\u0435\u0442 \u0412\u0430\u043c \u043f\u0440\u0435\u0434\u043b\u043e\u0436\u0438\u0442\u044c \u0438\u043d\u0434\u0438\u0432\u0438\u0434\u0443\u0430\u043b\u044c\u043d\u044b\u0439 \u043f\u043e\u0434\u0445\u043e\u0434 \u043f\u0440\u0438 \u043a\u043e\u043c\u043f\u043b\u0435\u043a\u0441\u043d\u043e\u043c \u0440\u0435\u0448\u0435\u043d\u0438\u0438 \u0437\u0430\u0434\u0430\u0447 \u0442\u0435\u043f\u043b\u043e\u0441\u043d\u0430\u0431\u0436\u0435\u043d\u0438\u044f \u0438 \u044d\u043d\u0435\u0440\u0433\u043e\u0441\u0431\u0435\u0440\u0435\u0436\u0435\u043d\u0438\u044f, \u0432\u043a\u043b\u044e\u0447\u0430\u044f \u043f\u0440\u043e\u0435\u043a\u0442\u0438\u0440\u043e\u0432\u0430\u043d\u0438\u0435, \u0430\u0432\u0442\u043e\u043c\u0430\u0442\u0438\u0437\u0430\u0446\u0438\u044e \u0422\u041f, \u0441\u0442\u0440\u043e\u0438\u0442\u0435\u043b\u044c\u0441\u0442\u0432\u043e \u043a\u043e\u0442\u0435\u043b\u044c\u043d\u044b\u0445 \u0443\u0441\u0442\u0430\u043d\u043e\u0432\u043e\u043a \u0438 \u0441\u0435\u0440\u0432\u0438\u0441\u043d\u043e\u0435 \u043e\u0431\u0441\u043b\u0443\u0436\u0438\u0432\u0430\u043d\u0438\u0435 \u043e\u0431\u044a\u0435\u043a\u0442\u043e\u0432 \u044d\u043d\u0435\u0440\u0433\u0435\u0442\u0438\u043a\u0438. \u041e\u0441\u043d\u043e\u0432\u0443 \u043a\u043e\u043b\u043b\u0435\u043a\u0442\u0438\u0432\u0430 \u0441\u043e\u0441\u0442\u0430\u0432\u043b\u044f\u044e\u0442 \u0432\u044b\u0441\u043e\u043a\u043e\u043a\u0432\u0430\u043b\u0438\u0444\u0438\u0446\u0438\u0440\u043e\u0432\u0430\u043d\u043d\u044b\u0435 \u0438\u043d\u0436\u0435\u043d\u0435\u0440\u043d\u043e-\u0442\u0435\u0445\u043d\u0438\u0447\u0435\u0441\u043a\u0438\u0435 \u043a\u0430\u0434\u0440\u044b, \u0438\u043c\u0435\u044e\u0449\u0438\u0435 \u0441\u043e\u043b\u0438\u0434\u043d\u044b\u0439 \u043e\u043f\u044b\u0442 \u043f\u0440\u0430\u043a\u0442\u0438\u0447\u0435\u0441\u043a\u043e\u0439 \u0440\u0430\u0431\u043e\u0442\u044b. \u041d\u0430\u0448\u0438 \u0441\u043e\u0442\u0440\u0443\u0434\u043d\u0438\u043a\u0438 \u043f\u043e\u0441\u0442\u043e\u044f\u043d\u043d\u043e \u043f\u0440\u043e\u0445\u043e\u0434\u044f\u0442 \u043e\u0431\u0443\u0447\u0435\u043d\u0438\u0435, \u043f\u0440\u0438\u043c\u0435\u043d\u044f\u044e\u0442 \u043f\u0440\u043e\u0433\u0440\u0435\u0441\u0441\u0438\u0432\u043d\u044b\u0435 \u043c\u0435\u0442\u043e\u0434\u044b \u0438 \u0441\u043e\u0432\u0440\u0435\u043c\u0435\u043d\u043d\u044b\u0435 \u0442\u0435\u0445\u043d\u043e\u043b\u043e\u0433\u0438\u0438 \u0434\u043b\u044f \u0440\u0435\u0448\u0435\u043d\u0438\u044f \u0437\u0430\u0434\u0430\u0447 \u043b\u044e\u0431\u043e\u0439 \u0441\u043b\u043e\u0436\u043d\u043e\u0441\u0442\u0438 \u0432 \u043e\u0431\u043b\u0430\u0441\u0442\u0438 \u044d\u043d\u0435\u0440\u0433\u0435\u0442\u0438\u043a\u0438. \u041a\u043e\u043c\u043f\u0430\u043d\u0438\u044f \u00ab\u0422\u0435\u043f\u043b\u043e\u0442\u0440\u043e\u043d\u00bb \u043f\u0440\u0435\u0434\u043e\u0441\u0442\u0430\u0432\u043b\u044f\u0435\u0442 \u0443\u0441\u043b\u0443\u0433\u0438 \u043f\u043e \u0442\u0435\u0445\u043d\u0438\u0447\u0435\u0441\u043a\u043e\u043c\u0443 \u043e\u0431\u0441\u043b\u0443\u0436\u0438\u0432\u0430\u043d\u0438\u044e \u0443\u0437\u043b\u043e\u0432 \u0443\u0447\u0435\u0442\u0430 \u0442\u0435\u043f\u043b\u043e\u0432\u043e\u0439 \u044d\u043d\u0435\u0440\u0433\u0438\u0438. \u041d\u0430\u0448\u0430 \u0434\u0435\u044f\u0442\u0435\u043b\u044c\u043d\u043e\u0441\u0442\u044c \u043d\u0430\u043f\u0440\u0430\u0432\u043b\u0435\u043d\u0430 \u043d\u0430 \u0432\u043d\u0435\u0434\u0440\u0435\u043d\u0438\u0435 \u043f\u0435\u0440\u0435\u0434\u043e\u0432\u044b\u0445 \u0442\u0435\u0445\u043d\u043e\u043b\u043e\u0433\u0438\u0439 \u0432 \u0441\u0444\u0435\u0440\u0435 \u044d\u043d\u0435\u0440\u0433\u0435\u0442\u0438\u043a\u0438. \u0414\u043b\u044f \u043a\u0430\u0447\u0435\u0441\u0442\u0432\u0435\u043d\u043d\u043e\u0433\u043e \u043e\u0431\u0441\u043b\u0443\u0436\u0438\u0432\u0430\u043d\u0438\u044f \u043c\u044b \u0438\u0441\u043f\u043e\u043b\u044c\u0437\u0443\u0435\u043c \u043f\u0440\u043e\u0432\u0435\u0440\u0435\u043d\u043d\u0443\u044e \u0430\u0432\u0442\u043e\u043c\u0430\u0442\u0438\u0437\u0438\u0440\u043e\u0432\u0430\u043d\u043d\u0443\u044e \u0441\u0438\u0441\u0442\u0435\u043c\u0443, \u043a\u043e\u0442\u043e\u0440\u0430\u044f \u0435\u0436\u0435\u0434\u043d\u0435\u0432\u043d\u043e \u0441\u043b\u0435\u0434\u0438\u0442 \u0437\u0430 \u0440\u0430\u0431\u043e\u0442\u043e\u0441\u043f\u043e\u0441\u043e\u0431\u043d\u043e\u0441\u0442\u044c\u044e \u0432\u0430\u0448\u0435\u0433\u043e \u043e\u0431\u043e\u0440\u0443\u0434\u043e\u0432\u0430\u043d\u0438\u044f. \u0420\u043e\u0431\u043e\u0442\u0438\u0437\u0438\u0440\u043e\u0432\u0430\u043d\u043d\u044b\u0439 \u043a\u043e\u043c\u043f\u043b\u0435\u043a\u0441 \u043e\u043f\u0440\u043e\u0441\u0430 \u043f\u043e\u043c\u043e\u0433\u0430\u0435\u0442 \u043d\u0430\u043c \u0441\u0432\u043e\u0435\u0432\u0440\u0435\u043c\u0435\u043d\u043d\u043e \u0432\u044b\u044f\u0432\u043b\u044f\u0442\u044c \u043d\u0435\u0438\u0441\u043f\u0440\u0430\u0432\u043d\u043e\u0441\u0442\u0438 \u0442\u0435\u043f\u043b\u043e\u0441\u0447\u0435\u0442\u0447\u0438\u043a\u043e\u0432 \u0438 \u0443\u0441\u0442\u0440\u0430\u043d\u044f\u0442\u044c \u0438\u0445 \u0432 \u043a\u0440\u0430\u0442\u0447\u0430\u0439\u0448\u0438\u0435 \u0441\u0440\u043e\u043a\u0438. \u0422\u0430\u043a\u0438\u043c \u043e\u0431\u0440\u0430\u0437\u043e\u043c, \u0438\u043c\u0435\u044f \u043c\u0438\u043d\u0438\u043c\u0430\u043b\u044c\u043d\u044b\u0439 \u0448\u0442\u0430\u0442 \u043d\u0435\u043e\u0431\u0445\u043e\u0434\u0438\u043c\u044b\u0445 \u0442\u0435\u0445\u043d\u0438\u0447\u0435\u0441\u043a\u0438\u0445 \u0441\u043f\u0435\u0446\u0438\u0430\u043b\u0438\u0441\u0442\u043e\u0432, \u043c\u044b \u0441\u043c\u043e\u0433\u043b\u0438 \u0441\u043d\u0438\u0437\u0438\u0442\u044c \u0441\u0442\u043e\u0438\u043c\u043e\u0441\u0442\u044c \u0442\u0435\u0445\u043d\u0438\u0447\u0435\u0441\u043a\u043e\u0433\u043e \u043e\u0431\u0441\u043b\u0443\u0436\u0438\u0432\u0430\u043d\u0438\u044f \u0443\u0437\u043b\u043e\u0432 \u0443\u0447\u0435\u0442\u0430, \u043f\u0440\u0438 \u044d\u0442\u043e\u043c \u043f\u043e\u0432\u044b\u0441\u0438\u0432 \u0435\u0433\u043e \u043a\u0430\u0447\u0435\u0441\u0442\u0432\u043e. \u0422\u0435\u043f\u0435\u0440\u044c \u0432\u044b \u043f\u043e\u043b\u0443\u0447\u0430\u0435\u0442\u0435 \u0435\u0436\u0435\u0434\u043d\u0435\u0432\u043d\u044b\u0439 \u043a\u043e\u043d\u0442\u0440\u043e\u043b\u044c \u0440\u0430\u0431\u043e\u0442\u043e\u0441\u043f\u043e\u0441\u043e\u0431\u043d\u043e\u0441\u0442\u0438 \u0412\u0430\u0448\u0435\u0433\u043e \u0443\u0437\u043b\u0430 \u0443\u0447\u0435\u0442\u0430 \u0438 \u043f\u043e\u0434\u0434\u0435\u0440\u0436\u043a\u0443 \u0441\u043f\u0435\u0446\u0438\u0430\u043b\u0438\u0441\u0442\u043e\u0432 \u043f\u0440\u0438 \u043d\u0435\u0448\u0442\u0430\u0442\u043d\u043e\u0439 \u0441\u0438\u0442\u0443\u0430\u0446\u0438\u0438.",
      "address": "\u0433. \u041a\u0443\u0440\u0441\u043a, \u0443\u043b. \u041a\u0440\u0430\u0441\u043d\u043e\u0439 \u0410\u0440\u043c\u0438\u0438, 100, \u043e\u0444. 30",
      "email": "teplotron46@yandex.ru",
      "phone": "+7(951)-319-0791",
      "schedule_start": "09:00:00",
      "schedule_end": "19:00:00",
      "available": true,
      "created": "2020-05-20",
      "updated": "2020-05-20"
   }
},
{
   "model": "about_us.customer",
   "pk": 1,
   "fields": {
      "first_name": "\u041f\u0430\u0432\u0435\u043b",
      "last_name": "\u042d\u0445\u043e",
      "email": "aspirpd@gmail.com",
      "phone": "89508790881",
      "message": "\u0414\u043e\u0431\u0440\u044b\u0439 \u0434\u0435\u043d\u044c, \u0433\u043e\u0441\u043f\u043e\u0434\u0430! \u0422\u043e\u0447\u043d\u0435\u0435, \u0443\u0442\u0440\u0430 \u0434\u043e\u0431\u0440\u043e\u0433\u043e.",
      "status": false,
      "created": "2020-05-21",
      "updated": "2020-05-21"
   }
},
{
   "model": "about_us.customer",
   "pk": 2,
   "fields": {
      "first_name": "\u041f\u0430\u0432\u0435\u043b",
      "last_name": "\u042d\u0445\u043e",
      "email": "aspirpd@gmail.com",
      "phone": "89508790881",
      "message": "\u0414\u043e\u0431\u0440\u044b\u0439 \u0434\u0435\u043d\u044c, \u0433\u043e\u0441\u043f\u043e\u0434\u0430! \u0422\u043e\u0447\u043d\u0435\u0435, \u0443\u0442\u0440\u0430 \u0434\u043e\u0431\u0440\u043e\u0433\u043e.",
      "status": false,
      "created": "2020-05-21",
      "updated": "2020-05-21"
   }
},
{
   "model": "about_us.customer",
   "pk": 3,
   "fields": {
      "first_name": "\u041f\u0430\u0432\u0435\u043b",
      "last_name": "\u042d\u0445\u043e",
      "email": "aspirpd@gmail.com",
      "phone": "89508790881",
      "message": "\u0414\u043e\u0431\u0440\u044b\u0439 \u0434\u0435\u043d\u044c, \u0433\u043e\u0441\u043f\u043e\u0434\u0430! \u0422\u043e\u0447\u043d\u0435\u0435, \u0443\u0442\u0440\u0430 \u0434\u043e\u0431\u0440\u043e\u0433\u043e.",
      "status": false,
      "created": "2020-05-21",
      "updated": "2020-05-21"
   }
},
{
   "model": "about_us.customer",
   "pk": 4,
   "fields": {
      "first_name": "\u041f\u0430\u0432\u0435\u043b",
      "last_name": "\u042d\u0445\u043e",
      "email": "aspirpd@gmail.com",
      "phone": "89508790881",
      "message": "\u0414\u043e\u0431\u0440\u044b\u0439 \u0434\u0435\u043d\u044c, \u0433\u043e\u0441\u043f\u043e\u0434\u0430! \u0422\u043e\u0447\u043d\u0435\u0435, \u0443\u0442\u0440\u0430 \u0434\u043e\u0431\u0440\u043e\u0433\u043e.",
      "status": false,
      "created": "2020-05-21",
      "updated": "2020-05-21"
   }
},
{
   "model": "about_us.customer",
   "pk": 5,
   "fields": {
      "first_name": "\u041f\u0430\u0432\u0435\u043b",
      "last_name": "\u042d\u0445\u043e",
      "email": "aspirpd@gmail.com",
      "phone": "89508790881",
      "message": "\u0414\u043e\u0431\u0440\u044b\u0439 \u0434\u0435\u043d\u044c, \u0433\u043e\u0441\u043f\u043e\u0434\u0430! \u0422\u043e\u0447\u043d\u0435\u0435, \u0443\u0442\u0440\u0430 \u0434\u043e\u0431\u0440\u043e\u0433\u043e.",
      "status": false,
      "created": "2020-05-21",
      "updated": "2020-05-21"
   }
},
{
   "model": "about_us.customer",
   "pk": 6,
   "fields": {
      "first_name": "\u041f\u0430\u0432\u0435\u043b",
      "last_name": "\u042d\u0445\u043e",
      "email": "aspirpd@gmail.com",
      "phone": "89508790881",
      "message": "\u0414\u043e\u0431\u0440\u044b\u0439 \u0434\u0435\u043d\u044c, \u0433\u043e\u0441\u043f\u043e\u0434\u0430! \u0422\u043e\u0447\u043d\u0435\u0435, \u0443\u0442\u0440\u0430 \u0434\u043e\u0431\u0440\u043e\u0433\u043e.",
      "status": false,
      "created": "2020-05-21",
      "updated": "2020-05-21"
   }
},
{
   "model": "reviews.comment",
   "pk": 1,
   "fields": {
      "first_name": "Web-studio",
      "last_name": "Echorise",
      "message": "\u041d\u0430\u0448\u0430 \u0432\u0435\u0431-\u0441\u0442\u0443\u0434\u0438\u044f \u0441\u043e\u0442\u0440\u0443\u0434\u043d\u0438\u0447\u0430\u043b\u0430 \u0441 \u044d\u0442\u043e\u0439 \u043a\u043e\u043c\u043f\u0430\u043d\u0438\u0435\u0439. \u041d\u0430\u043c \u043d\u0435\u043e\u0431\u0445\u043e\u0434\u0438\u043c\u044b \u0431\u044b\u043b\u0438 \u0441\u0440\u043e\u0447\u043d\u044b\u0435 \u043f\u0443\u0441\u043a\u043e\u043d\u0430\u043b\u0430\u0434\u043e\u0447\u043d\u044b\u0435 \u0440\u0430\u0431\u043e\u0442\u044b \u0441\u0438\u0441\u0442\u0435\u043c\u044b \u043e\u0442\u043e\u043f\u043b\u0435\u043d\u0438\u044f \u0438 \u0443\u0447\u0435\u0442\u0430 \u0442\u0435\u043f\u043b\u0430 \u0432 \u0437\u0434\u0430\u043d\u0438\u0438. \u0422\u0430\u043a \u0436\u0435 \u0437\u0430\u0434\u0430\u0447\u0430 \u0441\u0442\u043e\u044f\u043b\u0430 \u0432 \u043f\u043e\u043b\u043d\u043e\u0439 \u0430\u0432\u0442\u043e\u043c\u0430\u0442\u0438\u0437\u0430\u0446\u0438\u0438 \u043f\u0440\u043e\u0446\u0435\u0441\u0441\u0430 \u043d\u0430 \u0431\u0430\u0437\u0435 \u043a\u043e\u043d\u0442\u0440\u043e\u043b\u043b\u0435\u0440\u0430 Mitsubishi. \u0412\u044b\u0440\u0430\u0436\u0430\u0435\u043c \u0431\u043b\u0430\u0433\u043e\u0434\u0430\u0440\u043d\u043e\u0441\u0442\u044c \u0441\u043f\u0435\u0446\u0438\u0430\u043b\u0438\u0441\u0442\u0430\u043c \u041e\u041e\u041e \"\u0422\u0435\u043f\u043b\u043e\u0442\u0440\u043e\u043d\" \u0437\u0430 \u043e\u043f\u0435\u0440\u0430\u0442\u0438\u0432\u043d\u043e\u0441\u0442\u044c! \u0412\u0441\u0435 \u0440\u0430\u0431\u043e\u0442\u044b \u0432\u044b\u043f\u043e\u043b\u043d\u0435\u043d\u044b \u043d\u0430 10/10!",
      "image": "",
      "available": true,
      "created": "2020-05-20T17:47:07Z",
      "updated": "2020-05-20T17:47:07Z"
   }
},
{
   "model": "reviews.comment",
   "pk": 2,
   "fields": {
      "first_name": "\u0418\u0433\u043e\u0440\u044c",
      "last_name": "\u0414\u0435\u0440\u0438\u0433\u043b\u0430\u0437\u043e\u0432",
      "message": "\u0412\u044b\u0440\u0430\u0436\u0430\u044e \u0433\u043b\u0443\u0431\u043e\u043a\u0443\u044e \u0431\u043b\u0430\u0433\u043e\u0434\u0430\u0440\u043d\u043e\u0441\u0442\u044c \u0433\u0435\u043d\u0435\u0440\u0430\u043b\u044c\u043d\u043e\u043c\u0443 \u0434\u0438\u0440\u0435\u043a\u0442\u043e\u0440\u0443 \u041e\u041e\u041e \"\u0422\u0435\u043f\u043b\u043e\u0442\u0440\u043e\u043d\" \u041c\u0430\u043b\u044c\u0446\u0435\u0432\u0443 \u0414\u043c\u0438\u0442\u0440\u0438\u044e \u0437\u0430 \u043f\u043b\u043e\u0434\u043e\u0442\u0432\u043e\u0440\u043d\u0443\u044e \u0440\u0430\u0431\u043e\u0442\u0443 \u0432 \u043e\u0440\u0433\u0430\u043d\u0438\u0437\u0430\u0446\u0438\u0438 \u043a\u0430\u0447\u0435\u0441\u0442\u0432\u0435\u043d\u043d\u043e\u0433\u043e \u043c\u043e\u043d\u0442\u0430\u0436\u0430 \u0438 \u043d\u0430\u043b\u0430\u0434\u043a\u0438 \u0442\u0435\u043f\u043b\u043e\u044d\u043d\u0435\u0440\u0433\u0435\u0442\u0438\u0447\u0435\u0441\u043a\u043e\u0433\u043e \u043e\u0431\u043e\u0440\u0443\u0434\u043e\u0432\u0430\u043d\u0438\u044f",
      "image": "reviews/2020/05/20/reviews1.jpg",
      "available": true,
      "created": "2020-05-20T17:49:45Z",
      "updated": "2020-05-20T17:49:45Z"
   }
},
{
   "model": "news.new",
   "pk": 1,
   "fields": {
      "name": "\"\u041c\u043e\u0441\u0433\u0430\u0437\" \u043f\u043e\u0447\u0442\u0438 \u0437\u0430\u043a\u043e\u043d\u0447\u0438\u043b \u0440\u0430\u0431\u043e\u0442\u044b \u043d\u0430 \u043a\u043e\u0442\u0435\u043b\u044c\u043d\u043e\u0439 \u043a\u043e\u0440\u043e\u043d\u0430\u0432\u0438\u0440\u0443\u0441\u043d\u043e\u0433\u043e \u0446\u0435\u043d\u0442\u0440\u0430",
      "slug": "mosgaz-pochti-zakonchil-raboty-na-kotelnoj-koronavirusnogo-centra",
      "image": "news/2020/05/20/news1.jpg",
      "tittle": "\u0412 \u043d\u0430\u0441\u0442\u043e\u044f\u0449\u0435\u0435 \u0432\u0440\u0435\u043c\u044f \u043d\u0430 \u043e\u0431\u044a\u0435\u043a\u0442\u0435 \u0432\u0435\u0434\u0451\u0442\u0441\u044f \u043f\u0443\u0441\u043a\u043e\u043d\u0430\u043b\u0430\u0434\u043a\u0430 \u043e\u0431\u043e\u0440\u0443\u0434\u043e\u0432\u0430\u043d\u0438\u044f \u0438 \u0437\u0430\u0432\u0435\u0440\u0448\u0430\u044e\u0442\u0441\u044f \u043e\u0431\u0449\u0435\u0441\u0442\u0440\u043e\u0438\u0442\u0435\u043b\u044c\u043d\u044b\u0435 \u0440\u0430\u0431\u043e\u0442\u044b\", - \u043e\u0442\u043c\u0435\u0447\u0430\u0435\u0442\u0441\u044f \u0432 \u043d\u0435\u043c.",
      "description": "\u041c\u041e\u0421\u041a\u0412\u0410, 7 \u0430\u043f\u0440 - \u0420\u0418\u0410 \u041d\u0435\u0434\u0432\u0438\u0436\u0438\u043c\u043e\u0441\u0442\u044c. \u0410\u041e \"\u041c\u043e\u0441\u0433\u0430\u0437\" \u0437\u0430\u0432\u0435\u0440\u0448\u0438\u043b\u043e \u043e\u0441\u043d\u043e\u0432\u043d\u043e\u0439 \u043a\u043e\u043c\u043f\u043b\u0435\u043a\u0441 \u0440\u0430\u0431\u043e\u0442 \u043d\u0430 \u043a\u043e\u0442\u0435\u043b\u044c\u043d\u043e\u0439, \u043f\u043e\u0441\u0442\u0440\u043e\u0435\u043d\u043d\u043e\u0439 \u0434\u043b\u044f \u0438\u043d\u0444\u0435\u043a\u0446\u0438\u043e\u043d\u043d\u043e\u0433\u043e \u0446\u0435\u043d\u0442\u0440\u0430 \u0432 \u043d\u043e\u0432\u043e\u0439 \u041c\u043e\u0441\u043a\u0432\u0435, \u0433\u043e\u0432\u043e\u0440\u0438\u0442\u0441\u044f \u0432 \u0441\u043e\u043e\u0431\u0449\u0435\u043d\u0438\u0438 \u043a\u043e\u043c\u043f\u0430\u043d\u0438\u0438.\r\n\u041d\u043e\u0432\u0430\u044f \u0431\u043e\u043b\u044c\u043d\u0438\u0446\u0430 \u0431\u0443\u0434\u0435\u0442 \u043f\u043e\u0441\u0442\u0440\u043e\u0435\u043d\u0430 \u0432 \u043a\u043e\u0440\u043e\u0442\u043a\u0438\u0435 \u0441\u0440\u043e\u043a\u0438 \u0438\u0437 \u0431\u044b\u0441\u0442\u0440\u043e\u0432\u043e\u0437\u0432\u043e\u0434\u0438\u043c\u044b\u0445 \u043a\u043e\u043d\u0441\u0442\u0440\u0443\u043a\u0446\u0438\u0439 \u0432 \u043f\u043e\u0441\u0435\u043b\u0435\u043d\u0438\u0438 \u0412\u043e\u0440\u043e\u043d\u043e\u0432\u0441\u043a\u043e\u0435. \u041d\u0430 \u043e\u0431\u044a\u0435\u043a\u0442\u0435 \u043a\u0440\u0443\u0433\u043b\u043e\u0441\u0443\u0442\u043e\u0447\u043d\u043e \u0440\u0430\u0431\u043e\u0442\u0430\u043b\u0438 \u0431\u043e\u043b\u0435\u0435 100 \u0447\u0435\u043b\u043e\u0432\u0435\u043a. \u0417\u0430\u043f\u0443\u0449\u0435\u043d\u044b \u043a\u043e\u0442\u043b\u044b \u0438 \u043d\u0430\u0441\u043e\u0441\u044b, \u043f\u0440\u043e\u0432\u043e\u0434\u044f\u0442\u0441\u044f \u043f\u0443\u0441\u043a\u043e\u043d\u0430\u043b\u0430\u0434\u043e\u0447\u043d\u044b\u0435 \u0440\u0430\u0431\u043e\u0442\u044b \u0438 \u0438\u0434\u0435\u0442 \u043f\u043e\u0434\u0433\u043e\u0442\u043e\u0432\u043a\u0430 \u043a \u043f\u043e\u0434\u0430\u0447\u0435 \u0442\u0435\u043f\u043b\u0430 \u0434\u043b\u044f \u0441\u0442\u0440\u043e\u044f\u0449\u0435\u0433\u043e\u0441\u044f \u0438\u043d\u0444\u0435\u043a\u0446\u0438\u043e\u043d\u043d\u043e\u0433\u043e \u0446\u0435\u043d\u0442\u0440\u0430, \u0443\u043a\u0430\u0437\u044b\u0432\u0430\u0435\u0442\u0441\u044f \u0432 \u0440\u0435\u043b\u0438\u0437\u0435.",
      "available": true,
      "created": "2020-05-20",
      "updated": "2020-05-20"
   }
},
{
   "model": "news.new",
   "pk": 2,
   "fields": {
      "name": "Mitsubishi Electric \u0432\u043e\u043a\u0440\u0443\u0433 \u0441\u0432\u0435\u0442\u0430",
      "slug": "mitsubishi-electric-vokrug-sveta",
      "image": "news/2020/05/20/news2.jpg",
      "tittle": "\u0412 Mitsubishi Electric \u043f\u0440\u043e\u0448\u043b\u0430 \u0441\u043f\u0435\u0446\u0438\u0430\u043b\u044c\u043d\u0430\u044f \u043e\u0446\u0435\u043d\u043a\u0430 \u0443\u0441\u043b\u043e\u0432\u0438\u0439 \u0442\u0440\u0443\u0434\u0430",
      "description": "\u041c\u043e\u0441\u043a\u0432\u0430, 15 \u044f\u043d\u0432\u0430\u0440\u044f 2020 \u0433. \u2014 \u0432 \u041e\u041e\u041e \u00ab\u041c\u0438\u0446\u0443\u0431\u0438\u0441\u0438 \u042d\u043b\u0435\u043a\u0442\u0440\u0438\u043a (\u0420\u0423\u0421)\u00bb \u043f\u0440\u043e\u0432\u0435\u0434\u0435\u043d\u0430\r\n\u0441\u043f\u0435\u0446\u0438\u0430\u043b\u044c\u043d\u0430\u044f \u043e\u0446\u0435\u043d\u043a\u0430 \u0443\u0441\u043b\u043e\u0432\u0438\u0439 \u0442\u0440\u0443\u0434\u0430 (\u0434\u0430\u043b\u0435\u0435 \u2013 \u0421\u041e\u0423\u0422). \u041a\u043b\u0430\u0441\u0441\u044b \u0443\u0441\u043b\u043e\u0432\u0438\u0439 \u0442\u0440\u0443\u0434\u0430 \u043d\u0430\r\n\u0432\u0441\u0435\u0445 \u0440\u0430\u0431\u043e\u0447\u0438\u0445 \u043c\u0435\u0441\u0442\u0430\u0445 \u043f\u0440\u0438\u0437\u043d\u0430\u043d\u044b \u0434\u043e\u043f\u0443\u0441\u0442\u0438\u043c\u044b\u043c\u0438 (2 \u043a\u043b\u0430\u0441\u0441).\r\n\u041f\u043e \u0440\u0435\u0437\u0443\u043b\u044c\u0442\u0430\u0442\u0430\u043c \u0421\u041e\u0423\u0422 \u0440\u0430\u0431\u043e\u0447\u0438\u0435 \u043c\u0435\u0441\u0442\u0430 \u0432 \u043c\u0435\u0440\u043e\u043f\u0440\u0438\u044f\u0442\u0438\u044f\u0445 \u043f\u043e \u0443\u043b\u0443\u0447\u0448\u0435\u043d\u0438\u044e \u0438\r\n\u043e\u0437\u0434\u043e\u0440\u043e\u0432\u043b\u0435\u043d\u0438\u044e \u0443\u0441\u043b\u043e\u0432\u0438\u0439 \u0442\u0440\u0443\u0434\u0430 \u043d\u0435 \u043d\u0443\u0436\u0434\u0430\u044e\u0442\u0441\u044f. \u041f\u0435\u0440\u0435\u0447\u0435\u043d\u044c \u0440\u0435\u043a\u043e\u043c\u0435\u043d\u0434\u0443\u0435\u043c\u044b\u0445\r\n\u043c\u0435\u0440\u043e\u043f\u0440\u0438\u044f\u0442\u0438\u0439 \u043f\u043e \u0443\u043b\u0443\u0447\u0448\u0435\u043d\u0438\u044e \u0443\u0441\u043b\u043e\u0432\u0438\u0439 \u0442\u0440\u0443\u0434\u0430 \u043e\u0442\u0441\u0443\u0442\u0441\u0442\u0432\u0443\u0435\u0442.\r\n\u041e\u0442\u0447\u0435\u0442 \u043e \u043f\u0440\u043e\u0432\u0435\u0434\u0435\u043d\u0438\u0438 \u0421\u041e\u0423\u0422 \u0443\u0442\u0432\u0435\u0440\u0436\u0434\u0435\u043d 20.12.2019 \u0433\u043e\u0434\u0430.\r\n\u0418\u043d\u0444\u043e\u0440\u043c\u0430\u0446\u0438\u044f \u0440\u0430\u0437\u043c\u0435\u0449\u0435\u043d\u0430 \u0432 \u0441\u043e\u043e\u0442\u0432\u0435\u0442\u0441\u0442\u0432\u0438\u0438 \u0441 \u0447.6 \u0441\u0442.15 \u0424\u0435\u0434\u0435\u0440\u0430\u043b\u044c\u043d\u043e\u0433\u043e \u0437\u0430\u043a\u043e\u043d\u0430 \u2116\r\n426-\u0424\u0417 \u043e\u0442 28.12.2013 \u0433. \"\u041e \u0441\u043f\u0435\u0446\u0438\u0430\u043b\u044c\u043d\u043e\u0439 \u043e\u0446\u0435\u043d\u043a\u0435 \u0443\u0441\u043b\u043e\u0432\u0438\u0439 \u0442\u0440\u0443\u0434\u0430\".",
      "available": true,
      "created": "2020-05-20",
      "updated": "2020-05-20"
   }
},
{
   "model": "news.new",
   "pk": 3,
   "fields": {
      "name": "Android vs IOS",
      "slug": "android-vs-ios",
      "image": "news/2020/05/22/news3.png",
      "tittle": "\u0412 iOS 14, \u0440\u0435\u043b\u0438\u0437 \u043a\u043e\u0442\u043e\u0440\u043e\u0439 \u0437\u0430\u043f\u043b\u0430\u043d\u0438\u0440\u043e\u0432\u0430\u043d \u043d\u0430 \u043e\u0441\u0435\u043d\u044c 2020 \u0433., \u043c\u043e\u0436\u0435\u0442 \u043f\u043e\u044f\u0432\u0438\u0442\u044c\u0441\u044f \u043e\u0442\u0434\u0435\u043b\u044c\u043d\u043e\u0435 \u043e\u043a\u043d\u043e \u0441\u043e \u0441\u043f\u0438\u0441\u043a\u043e\u043c \u043f\u0440\u0435\u0434\u0443\u0441\u0442\u0430\u043d\u043e\u0432\u043b\u0435\u043d\u043d\u044b\u0445 \u043f\u0440\u0438\u043b\u043e\u0436\u0435\u043d\u0438\u0439, \u043a\u0430\u043a \u0432 Android. \u0412\u043c\u0435\u0441\u0442\u0435 \u0441 \u043d\u0438\u043c Apple \u0434\u043e\u0431\u0430\u0432\u0438\u0442 \u043f\u043e\u0434\u0434\u0435\u0440\u0436\u043a\u0443 \u0440\u0443\u043a\u043e\u043f\u0438\u0441\u043d\u043e\u0433\u043e \u0432\u0432\u043e\u0434\u0430 \u043f\u0440\u0438 \u043f\u043e\u043c\u043e\u0449\u0438 \u0441\u0442\u0438\u043b\u0443\u0441\u0430, \u043f\u043e\u043b\u043d\u043e\u0446\u0435\u043d\u043d\u0443\u044e \u043f\u043e\u0434\u0434\u0435\u0440\u0436\u043a\u0443 \u043c\u044b\u0448\u0438 \u0438 \u0446\u0435\u043b\u044b\u0439 \u0440\u044f\u0434 \u043d\u043e\u0432\u044b\u0445 \u0444\u0443\u043d\u043a\u0446\u0438\u0439 \u0434\u043b\u044f \u043b\u044e\u0434\u0435\u0439 \u0441 \u043e\u0433\u0440\u0430\u043d\u0438\u0447\u0435\u043d\u043d\u044b\u043c\u0438 \u0432\u043e\u0437\u043c\u043e\u0436\u043d\u043e\u0441\u0442\u044f\u043c\u0438.",
      "description": "\u041a\u043e\u043c\u043f\u0430\u043d\u0438\u044f Apple \u0434\u043e\u0431\u0430\u0432\u0438\u0442 \u0432 iOS 14 \u043e\u0442\u0434\u0435\u043b\u044c\u043d\u043e\u0435 \u043e\u043a\u043d\u043e \u0441\u043e \u0432\u0441\u0435\u043c\u0438 \u0443\u0441\u0442\u0430\u043d\u043e\u0432\u043b\u0435\u043d\u043d\u044b\u043c\u0438 \u043f\u0440\u0438\u043b\u043e\u0436\u0435\u043d\u0438\u044f\u043c\u0438. \u042d\u0442\u043e \u043e\u0442\u043b\u0438\u0447\u0438\u0442\u0435\u043b\u044c\u043d\u0430\u044f \u043e\u0441\u043e\u0431\u0435\u043d\u043d\u043e\u0441\u0442\u044c \u041e\u0421 Android, \u0438 \u0432 iOS \u043e\u043d\u0430 \u043f\u043e\u044f\u0432\u0438\u0442\u0441\u044f \u0432\u043f\u0435\u0440\u0432\u044b\u0435 \u0437\u0430 \u0432\u0441\u044e \u0438\u0441\u0442\u043e\u0440\u0438\u044e \u0435\u0435 \u0441\u0443\u0449\u0435\u0441\u0442\u0432\u043e\u0432\u0430\u043d\u0438\u044f. \u0420\u0435\u043b\u0438\u0437 iOS 14 \u043f\u0440\u0435\u0434\u0432\u0430\u0440\u0438\u0442\u0435\u043b\u044c\u043d\u043e \u0437\u0430\u043f\u043b\u0430\u043d\u0438\u0440\u043e\u0432\u0430\u043d \u043d\u0430 \u043e\u0441\u0435\u043d\u044c 2020 \u0433.\r\n\r\n\u041a\u0430\u043a \u0441\u043e\u043e\u0431\u0449\u0430\u0435\u0442 \u043f\u043e\u0440\u0442\u0430\u043b 9to5Mac, \u0441\u043e\u0442\u0440\u0443\u0434\u043d\u0438\u043a\u0438 \u043a\u043e\u0442\u043e\u0440\u043e\u0433\u043e \u043f\u043e\u043b\u0443\u0447\u0438\u043b\u0438 \u0434\u043e\u0441\u0442\u0443\u043f \u043a \u043a\u043e\u0434\u0443 \u0440\u0430\u043d\u043d\u0435\u0439 \u0432\u0435\u0440\u0441\u0438\u0438 iOS 14, \u043c\u0435\u043d\u044e \u0441 \u043f\u0438\u043a\u0442\u043e\u0433\u0440\u0430\u043c\u043c\u0430\u043c\u0438 \u0432\u0441\u0435\u0445 \u0438\u043c\u0435\u044e\u0449\u0438\u0445\u0441\u044f \u043d\u0430 \u0443\u0441\u0442\u0440\u043e\u0439\u0441\u0442\u0432\u0435 \u043f\u0440\u0438\u043b\u043e\u0436\u0435\u043d\u0438\u0439 \u0431\u0443\u0434\u0435\u0442 \u0440\u0435\u0430\u043b\u0438\u0437\u043e\u0432\u0430\u043d\u043e \u043d\u0435\u0441\u043a\u043e\u043b\u044c\u043a\u043e \u0438\u043d\u0430\u0447\u0435, \u0447\u0435\u043c \u0432 \u043a\u043e\u043d\u043a\u0443\u0440\u0438\u0440\u0443\u044e\u0449\u0435\u0439 \u043f\u043b\u0430\u0442\u0444\u043e\u0440\u043c\u0435. \u0415\u0441\u043b\u0438 \u0432 Android \u0441 \u0431\u0430\u0437\u043e\u0432\u044b\u043c \u0438\u043d\u0442\u0435\u0440\u0444\u0435\u0439\u0441\u043e\u043c Material UI \u044d\u0442\u043e \u043e\u0442\u0434\u0435\u043b\u044c\u043d\u043e\u0435 \u043e\u043a\u043d\u043e, \u0440\u0430\u0441\u043f\u043e\u043b\u043e\u0436\u0435\u043d\u043d\u043e\u0435 \u00ab\u043f\u043e\u0434\u00bb \u0434\u043e\u043c\u0430\u0448\u043d\u0438\u043c \u044d\u043a\u0440\u0430\u043d\u043e\u043c, \u0442\u043e \u0432 iOS Apple \u0440\u0435\u0430\u043b\u0438\u0437\u0443\u0435\u0442 \u0435\u0433\u043e \u0432 \u0432\u0438\u0434\u0435 \u0434\u043e\u043f\u043e\u043b\u043d\u0438\u0442\u0435\u043b\u044c\u043d\u043e\u0433\u043e \u0440\u0430\u0431\u043e\u0447\u0435\u0433\u043e \u0441\u0442\u043e\u043b\u0430. \u041f\u043e\u043c\u0438\u043c\u043e \u044d\u0442\u043e\u0433\u043e, \u043d\u043e\u0432\u043e\u0435 \u043c\u0435\u043d\u044e \u043e\u0431\u0437\u0430\u0432\u0435\u0434\u0435\u0442\u0441\u044f \u0440\u044f\u0434\u043e\u043c \u0444\u0443\u043d\u043a\u0446\u0438\u0439, \u043e\u0442\u0441\u0443\u0442\u0441\u0442\u0432\u0443\u044e\u0449\u0438\u0445 \u0432 \u0441\u043e\u0432\u0440\u0435\u043c\u0435\u043d\u043d\u044b\u0445 \u0432\u0435\u0440\u0441\u0438\u044f\u0445 Android.\r\n\r\n\u041a \u043f\u0440\u0438\u043c\u0435\u0440\u0443, Apple \u043f\u043b\u0430\u043d\u0438\u0440\u0443\u0435\u0442 \u0434\u043e\u043f\u043e\u043b\u043d\u0438\u0442\u044c \u043d\u043e\u0432\u043e\u0435 \u043c\u0435\u043d\u044e \u0440\u0430\u0437\u043b\u0438\u0447\u043d\u044b\u043c\u0438 \u0432\u0430\u0440\u0438\u0430\u043d\u0442\u0430\u043c\u0438 \u0441\u043e\u0440\u0442\u0438\u0440\u043e\u0432\u043a\u0438 \u043f\u0440\u0438\u043b\u043e\u0436\u0435\u043d\u0438\u0439 \u2013 \u043f\u043e \u0434\u0430\u0442\u0435 \u0443\u0441\u0442\u0430\u043d\u043e\u0432\u043a\u0438, \u0447\u0430\u0441\u0442\u043e\u0442\u0435 \u0437\u0430\u043f\u0443\u0441\u043a\u0430 \u0438 \u0442. \u0434. \u0422\u0430\u043a\u0436\u0435 \u043c\u043e\u0436\u043d\u043e \u0431\u0443\u0434\u0435\u0442 \u0432\u044b\u0432\u0435\u0441\u0442\u0438 \u043d\u0430 \u044d\u043a\u0440\u0430\u043d \u0442\u043e\u043b\u044c\u043a\u043e \u0442\u0435 \u0443\u0442\u0438\u043b\u0438\u0442\u044b, \u0432 \u043a\u043e\u0442\u043e\u0440\u044b\u0445 \u0435\u0441\u0442\u044c \u043d\u0435\u043f\u0440\u043e\u0447\u0438\u0442\u0430\u043d\u043d\u044b\u0435 \u0443\u0432\u0435\u0434\u043e\u043c\u043b\u0435\u043d\u0438\u044f. \u041e\u0442\u0434\u0435\u043b\u044c\u043d\u043e \u0431\u0443\u0434\u0435\u0442 \u0434\u043e\u0431\u0430\u0432\u043b\u0435\u043d\u0430 \u0441\u043e\u0440\u0442\u0438\u0440\u043e\u0432\u043a\u0430 \u0441 \u043f\u0440\u0438\u0432\u044f\u0437\u043a\u043e\u0439 \u043a\u043e \u0432\u0440\u0435\u043c\u0435\u043d\u0438 \u0441\u0443\u0442\u043e\u043a: \u043a\u0430\u043a\u0438\u0435 \u043f\u0440\u0438\u043b\u043e\u0436\u0435\u043d\u0438\u044f \u043f\u043e\u043b\u044c\u0437\u043e\u0432\u0430\u0442\u0435\u043b\u044c \u0447\u0430\u0449\u0435 \u0437\u0430\u043f\u0443\u0441\u043a\u0430\u0435\u0442 \u0434\u043d\u0435\u043c \u0438\u043b\u0438 \u0432\u0435\u0447\u0435\u0440\u043e\u043c, \u0442\u0430\u043a\u0438\u0435 \u0438 \u0431\u0443\u0434\u0443\u0442 \u043d\u0430\u0445\u043e\u0434\u0438\u0442\u044c\u0441\u044f \u0432 \u043d\u0430\u0447\u0430\u043b\u0435 \u043f\u0435\u0440\u0435\u0447\u043d\u044f.",
      "available": true,
      "created": "2020-05-22",
      "updated": "2020-05-22"
   }
},
{
   "model": "news.new",
   "pk": 4,
   "fields": {
      "name": "\u041f\u0443\u0441\u043a\u043e-\u043d\u0430\u043b\u0430\u0434\u043e\u0447\u043d\u044b\u0435 \u0440\u0430\u0431\u043e\u0442\u044b \u0432 \u0421\u0430\u0445\u0430\u043b\u0438\u043d\u0441\u043a\u043e\u0439 \u043e\u0431\u043b\u0430\u0441\u0442\u0438",
      "slug": "pusko-naladochnye-raboty-v-sahalinskoj-oblasti",
      "image": "news/2020/05/22/news4.jpg",
      "tittle": "\u0421\u043f\u0435\u043a\u0442\u0440 \u0443\u0441\u043b\u0443\u0433 \u0438 \u0440\u0430\u0431\u043e\u0442, \u0432\u044b\u043f\u043e\u043b\u043d\u044f\u0435\u043c\u044b\u0445 \u0441\u043e\u0442\u0440\u0443\u0434\u043d\u0438\u043a\u0430\u043c\u0438 \u041e\u041e\u041e \"\u0422\u0435\u043f\u043b\u043e\u0442\u0440\u043e\u043d\", \u043c\u043e\u0436\u043d\u043e \u043e\u0431\u0441\u0443\u0434\u0438\u0442\u044c \u043f\u0440\u0438 \u0437\u0430\u043a\u0430\u0437\u0435 \u043e\u0431\u043e\u0440\u0443\u0434\u043e\u0432\u0430\u043d\u0438\u044f.",
      "description": "\u0421\u043f\u0435\u0446\u0438\u0430\u043b\u0438\u0441\u0442\u044b \u041e\u041e\u041e \"\u0422\u0435\u043f\u043b\u043e\u0442\u0440\u043e\u043d\" \u0432\u044b\u043f\u043e\u043b\u043d\u044f\u044e\u0442 \u043f\u0443\u0441\u043a\u043e\u043d\u0430\u043b\u0430\u0434\u043e\u0447\u043d\u044b\u0435 \u0440\u0430\u0431\u043e\u0442\u044b \u043a\u043e\u0442\u0435\u043b\u044c\u043d\u043e\u0439 \u0442\u0435\u043f\u043b\u043e\u043f\u0440\u043e\u0438\u0437\u0432\u043e\u0434\u0438\u0442\u0435\u043b\u044c\u043d\u043e\u0441\u0442\u044c\u044e 16,0 \u041c\u0412\u0442 \u0432 \u0421\u0430\u0445\u0430\u043b\u0438\u043d\u0441\u043a\u043e\u0439 \u043e\u0431\u043b\u0430\u0441\u0442\u0438. \u041f\u0443\u0441\u043a\u043e\u043d\u0430\u043b\u0430\u0434\u043e\u0447\u043d\u044b\u0435 \u0440\u0430\u0431\u043e\u0442\u044b \u043f\u0440\u043e\u0432\u043e\u0434\u044f\u0442\u0441\u044f \u0434\u043b\u044f \u043a\u043e\u043c\u043f\u043b\u0435\u043a\u0441\u043d\u043e\u0439 \u043f\u0440\u043e\u0432\u0435\u0440\u043a\u0438 \u043f\u0440\u0430\u0432\u0438\u043b\u044c\u043d\u043e\u0441\u0442\u0438 \u043c\u043e\u043d\u0442\u0430\u0436\u043d\u044b\u0445 \u0440\u0430\u0431\u043e\u0442, \u043e\u0431\u043d\u0430\u0440\u0443\u0436\u0435\u043d\u0438\u044f \u0432\u043e\u0437\u043c\u043e\u0436\u043d\u044b\u0445 \u043d\u0435\u0438\u0441\u043f\u0440\u0430\u0432\u043d\u043e\u0441\u0442\u0435\u0439 \u0438 \u043d\u0430\u0441\u0442\u0440\u043e\u0439\u043a\u0438 \u0440\u0430\u0431\u043e\u0442\u044b \u043e\u0431\u043e\u0440\u0443\u0434\u043e\u0432\u0430\u043d\u0438\u044f \u0432 \u0440\u0435\u0436\u0438\u043c\u0435 \u043c\u0430\u043a\u0441\u0438\u043c\u0430\u043b\u044c\u043d\u044b\u0445 \u043d\u0430\u0433\u0440\u0443\u0437\u043e\u043a.\r\n\r\n\u0420\u0430\u0431\u043e\u0442\u044b \u0440\u0435\u0430\u043b\u0438\u0437\u0443\u044e\u0442\u0441\u044f \u0432 \u0440\u0430\u043c\u043a\u0430\u0445 \u043f\u0440\u043e\u0435\u043a\u0442\u0430 \u0433\u0430\u0437\u0438\u0444\u0438\u043a\u0430\u0446\u0438\u0438 \u0438 \u0441\u0442\u0440\u043e\u0438\u0442\u0435\u043b\u044c\u0441\u0442\u0432\u0430 \u0440\u0430\u0441\u043f\u0440\u0435\u0434\u0435\u043b\u0438\u0442\u0435\u043b\u044c\u043d\u044b\u0445 \u0433\u0430\u0437\u043e\u043f\u0440\u043e\u0432\u043e\u0434\u043e\u0432 \u0432 \u043c\u0443\u043d\u0438\u0446\u0438\u043f\u0430\u043b\u044c\u043d\u044b\u0445 \u043e\u0431\u0440\u0430\u0437\u043e\u0432\u0430\u0442\u0435\u043b\u044c\u043d\u044b\u0445 \u0443\u0447\u0440\u0435\u0436\u0434\u0435\u043d\u0438\u044f\u0445.\r\n\r\n\u0420\u0435\u0437\u0443\u043b\u044c\u0442\u0430\u0442\u043e\u043c \u043f\u0443\u0441\u043a\u043e\u043d\u0430\u043b\u0430\u0434\u043e\u0447\u043d\u044b\u0445 \u0440\u0430\u0431\u043e\u0442 \u044f\u0432\u043b\u044f\u0435\u0442\u0441\u044f \u043e\u0444\u043e\u0440\u043c\u043b\u0435\u043d\u0438\u0435 \u043f\u0440\u043e\u0442\u043e\u043a\u043e\u043b\u0430 \u0438\u0441\u043f\u044b\u0442\u0430\u043d\u0438\u0439 \u0432 \u0440\u0435\u0436\u0438\u043c\u0435 72 \u0447\u0430\u0441\u0430 \u0438 \u0441\u043e\u0441\u0442\u0430\u0432\u043b\u0435\u043d\u0438\u0435 \u0442\u0435\u0445\u043d\u0438\u0447\u0435\u0441\u043a\u043e\u0433\u043e \u043e\u0442\u0447\u0435\u0442\u0430 \u043e\u0431 \u0443\u0441\u043f\u0435\u0448\u043d\u043e\u043c \u0432\u044b\u043f\u043e\u043b\u043d\u0435\u043d\u0438\u0438.",
      "available": true,
      "created": "2020-05-22",
      "updated": "2020-05-22"
   }
},
{
   "model": "experts.expert",
   "pk": 1,
   "fields": {
      "first_name": "\u0421\u0435\u0440\u0433\u0435\u0439",
      "last_name": "\u0420\u0430\u0433\u0443\u043b\u0438\u043d",
      "office": "\u041f\u0440\u043e\u0435\u043a\u0442\u0438\u0440\u043e\u0432\u0449\u0438\u043a",
      "position": 3,
      "email": null,
      "phone": null,
      "dob": "1986-04-01",
      "country": "\u0420\u043e\u0441\u0441\u0438\u044f",
      "town": "\u041a\u0443\u0440\u0441\u043a",
      "image": "experts/2020/05/20/Ragulin_Sergey.jpg",
      "description": "\u0417\u0430\u043d\u0438\u043c\u0430\u0435\u0442\u0441\u044f \u0430\u043e\u0444\u044b\u0430\u043e\u0434 \u0431\u043b\u0430 \u0431\u043b\u0430 \u0431\u043b\u0430 \u0431\u043b\u0430\u0431 \u043b\u0430",
      "available": true,
      "vk": "",
      "instagram": "",
      "twitter": "",
      "facebook": "",
      "created": "2020-05-20T17:51:21Z",
      "updated": "2020-05-20T17:51:21Z"
   }
},
{
   "model": "experts.expert",
   "pk": 2,
   "fields": {
      "first_name": "\u0410\u043b\u0435\u043a\u0441\u0430\u043d\u0434\u0440",
      "last_name": "\u041e\u0432\u0441\u044f\u043d\u043d\u0438\u043a\u043e\u0432",
      "office": "\u0413\u0435\u043d\u0435\u0440\u0430\u043b\u044c\u043d\u044b\u0439 \u0434\u0438\u0440\u0435\u043a\u0442\u043e\u0440",
      "position": 2,
      "email": null,
      "phone": null,
      "dob": "2020-05-21",
      "country": "\u0420\u043e\u0441\u0441\u0438\u044f",
      "town": "\u041a\u0443\u0440\u0441\u043a",
      "image": "experts/2020/05/20/Ovsyannikov_Aleksandr.jpg",
      "description": "\u0432\u0444\u044b\u0432\u0444\u044b\u0432\u044b\u0444\u0432\u0432\u0444\u044b\u0432\u044b\u0444",
      "available": true,
      "vk": "",
      "instagram": "",
      "twitter": "",
      "facebook": "",
      "created": "2020-05-20T17:52:32Z",
      "updated": "2020-05-20T17:52:32Z"
   }
},
{
   "model": "experts.expert",
   "pk": 3,
   "fields": {
      "first_name": "\u0414\u043c\u0438\u0442\u0440\u0438\u0439",
      "last_name": "\u041c\u0430\u043b\u044c\u0446\u0435\u0432",
      "office": "\u0413\u0435\u043d\u0435\u0440\u0430\u043b\u044c\u043d\u044b\u0439 \u0434\u0438\u0440\u0435\u043a\u0442\u043e\u0440",
      "position": 1,
      "email": null,
      "phone": null,
      "dob": null,
      "country": "\u0420\u043e\u0441\u0441\u0438\u044f",
      "town": "\u041a\u0443\u0440\u0441\u043a",
      "image": "",
      "description": "\u0432\u0444\u044b\u0432\u044b\u0444\u0432\u0444\u044b\u0432\u0444\u044b",
      "available": true,
      "vk": "",
      "instagram": "",
      "twitter": "",
      "facebook": "",
      "created": "2020-05-20T17:52:59Z",
      "updated": "2020-05-20T17:52:59Z"
   }
},
{
   "model": "portfolio.portfolio",
   "pk": 1,
   "fields": {
      "name": "\u0412\u0441\u0442\u0440\u043e\u0435\u043d\u043d\u044b\u0439 \u0442\u0435\u043f\u043b\u043e\u0432\u043e\u0439 \u043f\u0443\u043d\u043a\u0442 \u0434\u043b\u044f \u0423\u043d\u0438\u0432\u0435\u0440\u0441\u0438\u0442\u0435\u0442\u0430",
      "slug": "vstroennyj-teplovoj-punkt-dlya-universiteta",
      "image": "portfolio_avatar/2020/05/20/services5.jpeg",
      "description": "\u041c\u044b \u043e\u0441\u0443\u0449\u0435\u0441\u0442\u0432\u043b\u044f\u0435\u043c \u0441\u0442\u0440\u043e\u0438\u0442\u0435\u043b\u044c\u0441\u0442\u0432\u043e \u0438 \u043c\u043e\u043d\u0442\u0430\u0436 \u043a\u0430\u043a \u0441\u0442\u0430\u0446\u0438\u043e\u043d\u0430\u0440\u043d\u044b\u0445, \u0430 \u0442\u0430\u043a\u0436\u0435 \u043c\u043e\u0434\u0443\u043b\u044c\u043d\u044b\u0445 \u0438 \u0431\u043b\u043e\u0447\u043d\u043e-\u043c\u043e\u0434\u0443\u043b\u044c\u043d\u044b\u0445 \u043a\u043e\u0442\u0435\u043b\u044c\u043d\u044b\u0445. \u0412\u0442\u043e\u0440\u044b\u0435 \u044f\u0432\u043b\u044f\u044e\u0442\u0441\u044f \u0431\u043e\u043b\u0435\u0435 \u043f\u043e\u043f\u0443\u043b\u044f\u0440\u043d\u044b\u043c\u0438 \u0432 \u0441\u0438\u043b\u0443 \u0431\u043e\u043b\u044c\u0448\u0435\u0439 \u043c\u043e\u0431\u0438\u043b\u044c\u043d\u043e\u0441\u0442\u0438, \u043f\u0440\u0438\u043c\u0435\u043d\u0438\u043c\u043e\u0441\u0442\u0438 \u0432 \u0440\u0430\u0437\u043b\u0438\u0447\u043d\u044b\u0445 \u0443\u0441\u043b\u043e\u0432\u0438\u044f\u0445 \u0438 \u0432\u044b\u0441\u043e\u043a\u043e\u0439 \u0441\u043a\u043e\u0440\u043e\u0441\u0442\u0438 \u043c\u043e\u043d\u0442\u0430\u0436\u0430 (\u043e\u0442 14 \u0434\u043d\u0435\u0439). \u0421\u0442\u0430\u0446\u0438\u043e\u043d\u0430\u0440\u043d\u044b\u0435 \u043a\u043e\u0442\u0435\u043b\u044c\u043d\u044b\u0435 \u043f\u0440\u0438\u043c\u0435\u043d\u044f\u044e\u0442\u0441\u044f, \u043a\u043e\u0433\u0434\u0430 \u0442\u0440\u0435\u0431\u0443\u0435\u0442\u0441\u044f \u0432\u044b\u0441\u043e\u043a\u0430\u044f \u043c\u043e\u0449\u043d\u043e\u0441\u0442\u044c (>10 \u041c\u0412\u0442) \u0438\u043b\u0438 \u0432 \u0441\u043b\u0443\u0447\u0430\u044f\u0445, \u043a\u043e\u0433\u0434\u0430 \u0438\u0441\u043f\u043e\u043b\u044c\u0437\u043e\u0432\u0430\u043d\u0438\u0435 \u0431\u043b\u043e\u0447\u043d\u043e-\u043c\u043e\u0434\u0443\u043b\u044c\u043d\u044b\u0445 \u043a\u043e\u0442\u0435\u043b\u044c\u043d\u044b\u0445 \u043d\u0435\u0432\u043e\u0437\u043c\u043e\u0436\u043d\u043e \u043f\u043e \u043a\u0430\u043a\u0438\u043c-\u043b\u0438\u0431\u043e \u043e\u0431\u0441\u0442\u043e\u044f\u0442\u0435\u043b\u044c\u0441\u0442\u0432\u0430\u043c.",
      "available": true,
      "created": "2020-05-20",
      "updated": "2020-05-20"
   }
},
{
   "model": "portfolio.portfolio",
   "pk": 2,
   "fields": {
      "name": "\u0412\u0441\u0442\u0440\u043e\u0435\u043d\u043d\u044b\u0439 \u0442\u0435\u043f\u043b\u043e\u0432\u043e\u0439 \u043f\u0443\u043d\u043a\u0442 \u0434\u043b\u044f \u0423\u043d\u0438\u0432\u0435\u0440\u0441\u0438\u0442\u0435\u0442\u0430",
      "slug": "vstroennyj-teplovoj-punkt-dlya-universiteta",
      "image": "portfolio_avatar/2020/05/20/services6.jpeg",
      "description": "\u041c\u044b \u043e\u0441\u0443\u0449\u0435\u0441\u0442\u0432\u043b\u044f\u0435\u043c \u0441\u0442\u0440\u043e\u0438\u0442\u0435\u043b\u044c\u0441\u0442\u0432\u043e \u0438 \u043c\u043e\u043d\u0442\u0430\u0436 \u043a\u0430\u043a \u0441\u0442\u0430\u0446\u0438\u043e\u043d\u0430\u0440\u043d\u044b\u0445, \u0430 \u0442\u0430\u043a\u0436\u0435 \u043c\u043e\u0434\u0443\u043b\u044c\u043d\u044b\u0445 \u0438 \u0431\u043b\u043e\u0447\u043d\u043e-\u043c\u043e\u0434\u0443\u043b\u044c\u043d\u044b\u0445 \u043a\u043e\u0442\u0435\u043b\u044c\u043d\u044b\u0445. \u0412\u0442\u043e\u0440\u044b\u0435 \u044f\u0432\u043b\u044f\u044e\u0442\u0441\u044f \u0431\u043e\u043b\u0435\u0435 \u043f\u043e\u043f\u0443\u043b\u044f\u0440\u043d\u044b\u043c\u0438 \u0432 \u0441\u0438\u043b\u0443 \u0431\u043e\u043b\u044c\u0448\u0435\u0439 \u043c\u043e\u0431\u0438\u043b\u044c\u043d\u043e\u0441\u0442\u0438, \u043f\u0440\u0438\u043c\u0435\u043d\u0438\u043c\u043e\u0441\u0442\u0438 \u0432 \u0440\u0430\u0437\u043b\u0438\u0447\u043d\u044b\u0445 \u0443\u0441\u043b\u043e\u0432\u0438\u044f\u0445 \u0438 \u0432\u044b\u0441\u043e\u043a\u043e\u0439 \u0441\u043a\u043e\u0440\u043e\u0441\u0442\u0438 \u043c\u043e\u043d\u0442\u0430\u0436\u0430 (\u043e\u0442 14 \u0434\u043d\u0435\u0439). \u0421\u0442\u0430\u0446\u0438\u043e\u043d\u0430\u0440\u043d\u044b\u0435 \u043a\u043e\u0442\u0435\u043b\u044c\u043d\u044b\u0435 \u043f\u0440\u0438\u043c\u0435\u043d\u044f\u044e\u0442\u0441\u044f, \u043a\u043e\u0433\u0434\u0430 \u0442\u0440\u0435\u0431\u0443\u0435\u0442\u0441\u044f \u0432\u044b\u0441\u043e\u043a\u0430\u044f \u043c\u043e\u0449\u043d\u043e\u0441\u0442\u044c (>10 \u041c\u0412\u0442) \u0438\u043b\u0438 \u0432 \u0441\u043b\u0443\u0447\u0430\u044f\u0445, \u043a\u043e\u0433\u0434\u0430 \u0438\u0441\u043f\u043e\u043b\u044c\u0437\u043e\u0432\u0430\u043d\u0438\u0435 \u0431\u043b\u043e\u0447\u043d\u043e-\u043c\u043e\u0434\u0443\u043b\u044c\u043d\u044b\u0445 \u043a\u043e\u0442\u0435\u043b\u044c\u043d\u044b\u0445 \u043d\u0435\u0432\u043e\u0437\u043c\u043e\u0436\u043d\u043e \u043f\u043e \u043a\u0430\u043a\u0438\u043c-\u043b\u0438\u0431\u043e \u043e\u0431\u0441\u0442\u043e\u044f\u0442\u0435\u043b\u044c\u0441\u0442\u0432\u0430\u043c.",
      "available": true,
      "created": "2020-05-20",
      "updated": "2020-05-20"
   }
},
{
   "model": "portfolio.portfoliodetails",
   "pk": 1,
   "fields": {
      "portfolio": 1,
      "image": "portfolios/2020/05/20/services1.jpeg",
      "available": true,
      "created": "2020-05-20",
      "updated": "2020-05-20"
   }
},
{
   "model": "portfolio.portfoliodetails",
   "pk": 2,
   "fields": {
      "portfolio": 1,
      "image": "portfolios/2020/05/20/services6.jpeg",
      "available": true,
      "created": "2020-05-20",
      "updated": "2020-05-20"
   }
},
{
   "model": "portfolio.portfoliodetails",
   "pk": 3,
   "fields": {
      "portfolio": 2,
      "image": "portfolios/2020/05/20/services3.jpeg",
      "available": true,
      "created": "2020-05-20",
      "updated": "2020-05-20"
   }
},
{
   "model": "portfolio.portfoliodetails",
   "pk": 4,
   "fields": {
      "portfolio": 2,
      "image": "portfolios/2020/05/20/services2.jpeg",
      "available": true,
      "created": "2020-05-20",
      "updated": "2020-05-20"
   }
},
{
   "model": "portfolio.portfoliodetails",
   "pk": 5,
   "fields": {
      "portfolio": 1,
      "image": "portfolios/2020/05/20/services7.jpeg",
      "available": true,
      "created": "2020-05-20",
      "updated": "2020-05-20"
   }
},
{
   "model": "emails.emailtype",
   "pk": 1,
   "fields": {
      "name": "\u0423\u0432\u0435\u0434\u043e\u043c\u043b\u0435\u043d\u0438\u0435 \u0430\u0434\u043c\u0438\u043d\u0438\u0441\u0442\u0440\u0430\u0442\u043e\u0440\u0443",
      "is_active": true,
      "created": "2020-05-20",
      "updated": "2020-05-20"
   }
},
{
   "model": "emails.emailtype",
   "pk": 2,
   "fields": {
      "name": "\u0423\u0432\u0435\u0434\u043e\u043c\u043b\u0435\u043d\u0438\u0435 \u043a\u043b\u0438\u0435\u043d\u0442\u0443",
      "is_active": true,
      "created": "2020-05-20",
      "updated": "2020-05-20"
   }
},
{
   "model": "emails.emailsendingfact",
   "pk": 1,
   "fields": {
      "type": 1,
      "customer": 2,
      "email": "teplotron46@gmail.com",
      "created": "2020-05-21",
      "updated": "2020-05-21"
   }
},
{
   "model": "emails.emailsendingfact",
   "pk": 2,
   "fields": {
      "type": 2,
      "customer": 2,
      "email": "aspirpd@gmail.com",
      "created": "2020-05-21",
      "updated": "2020-05-21"
   }
},
{
   "model": "emails.emailsendingfact",
   "pk": 3,
   "fields": {
      "type": 1,
      "customer": 3,
      "email": "teplotron46@gmail.com",
      "created": "2020-05-21",
      "updated": "2020-05-21"
   }
},
{
   "model": "emails.emailsendingfact",
   "pk": 4,
   "fields": {
      "type": 2,
      "customer": 3,
      "email": "aspirpd@gmail.com",
      "created": "2020-05-21",
      "updated": "2020-05-21"
   }
},
{
   "model": "emails.emailsendingfact",
   "pk": 5,
   "fields": {
      "type": 1,
      "customer": 4,
      "email": "teplotron46@gmail.com",
      "created": "2020-05-21",
      "updated": "2020-05-21"
   }
},
{
   "model": "emails.emailsendingfact",
   "pk": 6,
   "fields": {
      "type": 2,
      "customer": 4,
      "email": "aspirpd@gmail.com",
      "created": "2020-05-21",
      "updated": "2020-05-21"
   }
},
{
   "model": "emails.emailsendingfact",
   "pk": 7,
   "fields": {
      "type": 1,
      "customer": 5,
      "email": "teplotron46@gmail.com",
      "created": "2020-05-21",
      "updated": "2020-05-21"
   }
},
{
   "model": "emails.emailsendingfact",
   "pk": 8,
   "fields": {
      "type": 2,
      "customer": 5,
      "email": "aspirpd@gmail.com",
      "created": "2020-05-21",
      "updated": "2020-05-21"
   }
},
{
   "model": "emails.emailsendingfact",
   "pk": 9,
   "fields": {
      "type": 1,
      "customer": 6,
      "email": "teplotron46@gmail.com",
      "created": "2020-05-21",
      "updated": "2020-05-21"
   }
},
{
   "model": "emails.emailsendingfact",
   "pk": 10,
   "fields": {
      "type": 2,
      "customer": 6,
      "email": "aspirpd@gmail.com",
      "created": "2020-05-21",
      "updated": "2020-05-21"
   }
},
{
   "model": "auth.permission",
   "pk": 1,
   "fields": {
      "name": "Can add log entry",
      "content_type": 1,
      "codename": "add_logentry"
   }
},
{
   "model": "auth.permission",
   "pk": 2,
   "fields": {
      "name": "Can change log entry",
      "content_type": 1,
      "codename": "change_logentry"
   }
},
{
   "model": "auth.permission",
   "pk": 3,
   "fields": {
      "name": "Can delete log entry",
      "content_type": 1,
      "codename": "delete_logentry"
   }
},
{
   "model": "auth.permission",
   "pk": 4,
   "fields": {
      "name": "Can view log entry",
      "content_type": 1,
      "codename": "view_logentry"
   }
},
{
   "model": "auth.permission",
   "pk": 5,
   "fields": {
      "name": "Can add permission",
      "content_type": 2,
      "codename": "add_permission"
   }
},
{
   "model": "auth.permission",
   "pk": 6,
   "fields": {
      "name": "Can change permission",
      "content_type": 2,
      "codename": "change_permission"
   }
},
{
   "model": "auth.permission",
   "pk": 7,
   "fields": {
      "name": "Can delete permission",
      "content_type": 2,
      "codename": "delete_permission"
   }
},
{
   "model": "auth.permission",
   "pk": 8,
   "fields": {
      "name": "Can view permission",
      "content_type": 2,
      "codename": "view_permission"
   }
},
{
   "model": "auth.permission",
   "pk": 9,
   "fields": {
      "name": "Can add group",
      "content_type": 3,
      "codename": "add_group"
   }
},
{
   "model": "auth.permission",
   "pk": 10,
   "fields": {
      "name": "Can change group",
      "content_type": 3,
      "codename": "change_group"
   }
},
{
   "model": "auth.permission",
   "pk": 11,
   "fields": {
      "name": "Can delete group",
      "content_type": 3,
      "codename": "delete_group"
   }
},
{
   "model": "auth.permission",
   "pk": 12,
   "fields": {
      "name": "Can view group",
      "content_type": 3,
      "codename": "view_group"
   }
},
{
   "model": "auth.permission",
   "pk": 13,
   "fields": {
      "name": "Can add user",
      "content_type": 4,
      "codename": "add_user"
   }
},
{
   "model": "auth.permission",
   "pk": 14,
   "fields": {
      "name": "Can change user",
      "content_type": 4,
      "codename": "change_user"
   }
},
{
   "model": "auth.permission",
   "pk": 15,
   "fields": {
      "name": "Can delete user",
      "content_type": 4,
      "codename": "delete_user"
   }
},
{
   "model": "auth.permission",
   "pk": 16,
   "fields": {
      "name": "Can view user",
      "content_type": 4,
      "codename": "view_user"
   }
},
{
   "model": "auth.permission",
   "pk": 17,
   "fields": {
      "name": "Can add content type",
      "content_type": 5,
      "codename": "add_contenttype"
   }
},
{
   "model": "auth.permission",
   "pk": 18,
   "fields": {
      "name": "Can change content type",
      "content_type": 5,
      "codename": "change_contenttype"
   }
},
{
   "model": "auth.permission",
   "pk": 19,
   "fields": {
      "name": "Can delete content type",
      "content_type": 5,
      "codename": "delete_contenttype"
   }
},
{
   "model": "auth.permission",
   "pk": 20,
   "fields": {
      "name": "Can view content type",
      "content_type": 5,
      "codename": "view_contenttype"
   }
},
{
   "model": "auth.permission",
   "pk": 21,
   "fields": {
      "name": "Can add session",
      "content_type": 6,
      "codename": "add_session"
   }
},
{
   "model": "auth.permission",
   "pk": 22,
   "fields": {
      "name": "Can change session",
      "content_type": 6,
      "codename": "change_session"
   }
},
{
   "model": "auth.permission",
   "pk": 23,
   "fields": {
      "name": "Can delete session",
      "content_type": 6,
      "codename": "delete_session"
   }
},
{
   "model": "auth.permission",
   "pk": 24,
   "fields": {
      "name": "Can view session",
      "content_type": 6,
      "codename": "view_session"
   }
},
{
   "model": "auth.permission",
   "pk": 25,
   "fields": {
      "name": "Can add \u0423\u0441\u043b\u0443\u0433\u0438",
      "content_type": 7,
      "codename": "add_service"
   }
},
{
   "model": "auth.permission",
   "pk": 26,
   "fields": {
      "name": "Can change \u0423\u0441\u043b\u0443\u0433\u0438",
      "content_type": 7,
      "codename": "change_service"
   }
},
{
   "model": "auth.permission",
   "pk": 27,
   "fields": {
      "name": "Can delete \u0423\u0441\u043b\u0443\u0433\u0438",
      "content_type": 7,
      "codename": "delete_service"
   }
},
{
   "model": "auth.permission",
   "pk": 28,
   "fields": {
      "name": "Can view \u0423\u0441\u043b\u0443\u0433\u0438",
      "content_type": 7,
      "codename": "view_service"
   }
},
{
   "model": "auth.permission",
   "pk": 29,
   "fields": {
      "name": "Can add \u041f\u0430\u0440\u0442\u043d\u0435\u0440\u044b",
      "content_type": 8,
      "codename": "add_partners"
   }
},
{
   "model": "auth.permission",
   "pk": 30,
   "fields": {
      "name": "Can change \u041f\u0430\u0440\u0442\u043d\u0435\u0440\u044b",
      "content_type": 8,
      "codename": "change_partners"
   }
},
{
   "model": "auth.permission",
   "pk": 31,
   "fields": {
      "name": "Can delete \u041f\u0430\u0440\u0442\u043d\u0435\u0440\u044b",
      "content_type": 8,
      "codename": "delete_partners"
   }
},
{
   "model": "auth.permission",
   "pk": 32,
   "fields": {
      "name": "Can view \u041f\u0430\u0440\u0442\u043d\u0435\u0440\u044b",
      "content_type": 8,
      "codename": "view_partners"
   }
},
{
   "model": "auth.permission",
   "pk": 33,
   "fields": {
      "name": "Can add \u041e \u043a\u043e\u043c\u043f\u0430\u043d\u0438\u0438",
      "content_type": 9,
      "codename": "add_aboutus"
   }
},
{
   "model": "auth.permission",
   "pk": 34,
   "fields": {
      "name": "Can change \u041e \u043a\u043e\u043c\u043f\u0430\u043d\u0438\u0438",
      "content_type": 9,
      "codename": "change_aboutus"
   }
},
{
   "model": "auth.permission",
   "pk": 35,
   "fields": {
      "name": "Can delete \u041e \u043a\u043e\u043c\u043f\u0430\u043d\u0438\u0438",
      "content_type": 9,
      "codename": "delete_aboutus"
   }
},
{
   "model": "auth.permission",
   "pk": 36,
   "fields": {
      "name": "Can view \u041e \u043a\u043e\u043c\u043f\u0430\u043d\u0438\u0438",
      "content_type": 9,
      "codename": "view_aboutus"
   }
},
{
   "model": "auth.permission",
   "pk": 37,
   "fields": {
      "name": "Can add \u041f\u043e\u0434\u0440\u043e\u0431\u043d\u0430\u044f \u0438\u043d\u0444\u043e\u0440\u043c\u0430\u0446\u0438\u044f \u043a \u043a\u043e\u043c\u043f\u0430\u043d\u0438\u0438",
      "content_type": 10,
      "codename": "add_aboutusdetails"
   }
},
{
   "model": "auth.permission",
   "pk": 38,
   "fields": {
      "name": "Can change \u041f\u043e\u0434\u0440\u043e\u0431\u043d\u0430\u044f \u0438\u043d\u0444\u043e\u0440\u043c\u0430\u0446\u0438\u044f \u043a \u043a\u043e\u043c\u043f\u0430\u043d\u0438\u0438",
      "content_type": 10,
      "codename": "change_aboutusdetails"
   }
},
{
   "model": "auth.permission",
   "pk": 39,
   "fields": {
      "name": "Can delete \u041f\u043e\u0434\u0440\u043e\u0431\u043d\u0430\u044f \u0438\u043d\u0444\u043e\u0440\u043c\u0430\u0446\u0438\u044f \u043a \u043a\u043e\u043c\u043f\u0430\u043d\u0438\u0438",
      "content_type": 10,
      "codename": "delete_aboutusdetails"
   }
},
{
   "model": "auth.permission",
   "pk": 40,
   "fields": {
      "name": "Can view \u041f\u043e\u0434\u0440\u043e\u0431\u043d\u0430\u044f \u0438\u043d\u0444\u043e\u0440\u043c\u0430\u0446\u0438\u044f \u043a \u043a\u043e\u043c\u043f\u0430\u043d\u0438\u0438",
      "content_type": 10,
      "codename": "view_aboutusdetails"
   }
},
{
   "model": "auth.permission",
   "pk": 41,
   "fields": {
      "name": "Can add \u041e\u0442\u0437\u044b\u0432",
      "content_type": 11,
      "codename": "add_comment"
   }
},
{
   "model": "auth.permission",
   "pk": 42,
   "fields": {
      "name": "Can change \u041e\u0442\u0437\u044b\u0432",
      "content_type": 11,
      "codename": "change_comment"
   }
},
{
   "model": "auth.permission",
   "pk": 43,
   "fields": {
      "name": "Can delete \u041e\u0442\u0437\u044b\u0432",
      "content_type": 11,
      "codename": "delete_comment"
   }
},
{
   "model": "auth.permission",
   "pk": 44,
   "fields": {
      "name": "Can view \u041e\u0442\u0437\u044b\u0432",
      "content_type": 11,
      "codename": "view_comment"
   }
},
{
   "model": "auth.permission",
   "pk": 45,
   "fields": {
      "name": "Can add \u041d\u043e\u0432\u043e\u0441\u0442\u0438",
      "content_type": 12,
      "codename": "add_new"
   }
},
{
   "model": "auth.permission",
   "pk": 46,
   "fields": {
      "name": "Can change \u041d\u043e\u0432\u043e\u0441\u0442\u0438",
      "content_type": 12,
      "codename": "change_new"
   }
},
{
   "model": "auth.permission",
   "pk": 47,
   "fields": {
      "name": "Can delete \u041d\u043e\u0432\u043e\u0441\u0442\u0438",
      "content_type": 12,
      "codename": "delete_new"
   }
},
{
   "model": "auth.permission",
   "pk": 48,
   "fields": {
      "name": "Can view \u041d\u043e\u0432\u043e\u0441\u0442\u0438",
      "content_type": 12,
      "codename": "view_new"
   }
},
{
   "model": "auth.permission",
   "pk": 49,
   "fields": {
      "name": "Can add \u041f\u0435\u0440\u0441\u043e\u043d\u0430\u043b",
      "content_type": 13,
      "codename": "add_expert"
   }
},
{
   "model": "auth.permission",
   "pk": 50,
   "fields": {
      "name": "Can change \u041f\u0435\u0440\u0441\u043e\u043d\u0430\u043b",
      "content_type": 13,
      "codename": "change_expert"
   }
},
{
   "model": "auth.permission",
   "pk": 51,
   "fields": {
      "name": "Can delete \u041f\u0435\u0440\u0441\u043e\u043d\u0430\u043b",
      "content_type": 13,
      "codename": "delete_expert"
   }
},
{
   "model": "auth.permission",
   "pk": 52,
   "fields": {
      "name": "Can view \u041f\u0435\u0440\u0441\u043e\u043d\u0430\u043b",
      "content_type": 13,
      "codename": "view_expert"
   }
},
{
   "model": "auth.permission",
   "pk": 53,
   "fields": {
      "name": "Can add \u041f\u043e\u0434\u0440\u043e\u0431\u043d\u0430\u044f \u0438\u043d\u0444\u043e\u0440\u043c\u0430\u0446\u0438\u044f \u043a \u043e\u0431\u044a\u0435\u043a\u0442\u0443",
      "content_type": 14,
      "codename": "add_portfoliodetails"
   }
},
{
   "model": "auth.permission",
   "pk": 54,
   "fields": {
      "name": "Can change \u041f\u043e\u0434\u0440\u043e\u0431\u043d\u0430\u044f \u0438\u043d\u0444\u043e\u0440\u043c\u0430\u0446\u0438\u044f \u043a \u043e\u0431\u044a\u0435\u043a\u0442\u0443",
      "content_type": 14,
      "codename": "change_portfoliodetails"
   }
},
{
   "model": "auth.permission",
   "pk": 55,
   "fields": {
      "name": "Can delete \u041f\u043e\u0434\u0440\u043e\u0431\u043d\u0430\u044f \u0438\u043d\u0444\u043e\u0440\u043c\u0430\u0446\u0438\u044f \u043a \u043e\u0431\u044a\u0435\u043a\u0442\u0443",
      "content_type": 14,
      "codename": "delete_portfoliodetails"
   }
},
{
   "model": "auth.permission",
   "pk": 56,
   "fields": {
      "name": "Can view \u041f\u043e\u0434\u0440\u043e\u0431\u043d\u0430\u044f \u0438\u043d\u0444\u043e\u0440\u043c\u0430\u0446\u0438\u044f \u043a \u043e\u0431\u044a\u0435\u043a\u0442\u0443",
      "content_type": 14,
      "codename": "view_portfoliodetails"
   }
},
{
   "model": "auth.permission",
   "pk": 57,
   "fields": {
      "name": "Can add \u041e\u0431\u044a\u0435\u043a\u0442",
      "content_type": 15,
      "codename": "add_portfolio"
   }
},
{
   "model": "auth.permission",
   "pk": 58,
   "fields": {
      "name": "Can change \u041e\u0431\u044a\u0435\u043a\u0442",
      "content_type": 15,
      "codename": "change_portfolio"
   }
},
{
   "model": "auth.permission",
   "pk": 59,
   "fields": {
      "name": "Can delete \u041e\u0431\u044a\u0435\u043a\u0442",
      "content_type": 15,
      "codename": "delete_portfolio"
   }
},
{
   "model": "auth.permission",
   "pk": 60,
   "fields": {
      "name": "Can view \u041e\u0431\u044a\u0435\u043a\u0442",
      "content_type": 15,
      "codename": "view_portfolio"
   }
},
{
   "model": "auth.permission",
   "pk": 61,
   "fields": {
      "name": "Can add \u041a\u043b\u0438\u0435\u043d\u0442",
      "content_type": 16,
      "codename": "add_customer"
   }
},
{
   "model": "auth.permission",
   "pk": 62,
   "fields": {
      "name": "Can change \u041a\u043b\u0438\u0435\u043d\u0442",
      "content_type": 16,
      "codename": "change_customer"
   }
},
{
   "model": "auth.permission",
   "pk": 63,
   "fields": {
      "name": "Can delete \u041a\u043b\u0438\u0435\u043d\u0442",
      "content_type": 16,
      "codename": "delete_customer"
   }
},
{
   "model": "auth.permission",
   "pk": 64,
   "fields": {
      "name": "Can view \u041a\u043b\u0438\u0435\u043d\u0442",
      "content_type": 16,
      "codename": "view_customer"
   }
},
{
   "model": "auth.permission",
   "pk": 65,
   "fields": {
      "name": "Can add \u041e\u0442\u043f\u0440\u0430\u0432\u043b\u0435\u043d\u043d\u044b\u0439 \u0435-\u043c\u0435\u0439\u043b",
      "content_type": 17,
      "codename": "add_emailsendingfact"
   }
},
{
   "model": "auth.permission",
   "pk": 66,
   "fields": {
      "name": "Can change \u041e\u0442\u043f\u0440\u0430\u0432\u043b\u0435\u043d\u043d\u044b\u0439 \u0435-\u043c\u0435\u0439\u043b",
      "content_type": 17,
      "codename": "change_emailsendingfact"
   }
},
{
   "model": "auth.permission",
   "pk": 67,
   "fields": {
      "name": "Can delete \u041e\u0442\u043f\u0440\u0430\u0432\u043b\u0435\u043d\u043d\u044b\u0439 \u0435-\u043c\u0435\u0439\u043b",
      "content_type": 17,
      "codename": "delete_emailsendingfact"
   }
},
{
   "model": "auth.permission",
   "pk": 68,
   "fields": {
      "name": "Can view \u041e\u0442\u043f\u0440\u0430\u0432\u043b\u0435\u043d\u043d\u044b\u0439 \u0435-\u043c\u0435\u0439\u043b",
      "content_type": 17,
      "codename": "view_emailsendingfact"
   }
},
{
   "model": "auth.permission",
   "pk": 69,
   "fields": {
      "name": "Can add \u0422\u0438\u043f \u0435-\u043c\u0435\u0439\u043b\u0430",
      "content_type": 18,
      "codename": "add_emailtype"
   }
},
{
   "model": "auth.permission",
   "pk": 70,
   "fields": {
      "name": "Can change \u0422\u0438\u043f \u0435-\u043c\u0435\u0439\u043b\u0430",
      "content_type": 18,
      "codename": "change_emailtype"
   }
},
{
   "model": "auth.permission",
   "pk": 71,
   "fields": {
      "name": "Can delete \u0422\u0438\u043f \u0435-\u043c\u0435\u0439\u043b\u0430",
      "content_type": 18,
      "codename": "delete_emailtype"
   }
},
{
   "model": "auth.permission",
   "pk": 72,
   "fields": {
      "name": "Can view \u0422\u0438\u043f \u0435-\u043c\u0435\u0439\u043b\u0430",
      "content_type": 18,
      "codename": "view_emailtype"
   }
},
{
   "model": "auth.user",
   "pk": 1,
   "fields": {
      "password": "pbkdf2_sha256$180000$YJwrBPvEROmu$cg6474EknI0DQ+WmhtpoHOUokAXZbsQkjxw3fwF3PlA=",
      "last_login": "2020-05-22T12:19:07.904Z",
      "is_superuser": true,
      "username": "main_admin",
      "first_name": "",
      "last_name": "",
      "email": "teplotron46@yandex.ru",
      "is_staff": true,
      "is_active": true,
      "date_joined": "2020-05-20T13:26:32.203Z",
      "groups": [],
      "user_permissions": []
   }
},
{
   "model": "admin.logentry",
   "pk": 1,
   "fields": {
      "action_time": "2020-05-20T13:53:22.699Z",
      "user": 1,
      "content_type": 7,
      "object_id": "1",
      "object_repr": "\u0421\u0435\u0440\u0432\u0438\u0441\u043d\u043e\u0435 \u043e\u0431\u0441\u043b\u0443\u0436\u0438\u0432\u0430\u043d\u0438\u0435",
      "action_flag": 1,
      "change_message": "[{\"added\": {}}]"
   }
},
{
   "model": "admin.logentry",
   "pk": 2,
   "fields": {
      "action_time": "2020-05-20T14:03:51.623Z",
      "user": 1,
      "content_type": 7,
      "object_id": "1",
      "object_repr": "\u0421\u0435\u0440\u0432\u0438\u0441\u043d\u043e\u0435 \u043e\u0431\u0441\u043b\u0443\u0436\u0438\u0432\u0430\u043d\u0438\u0435",
      "action_flag": 2,
      "change_message": "[{\"changed\": {\"fields\": [\"\\u0417\\u0430\\u0433\\u043e\\u043b\\u043e\\u0432\\u043e\\u043a\", \"\\u041e\\u043f\\u0438\\u0441\\u0430\\u043d\\u0438\\u0435 \\u0440\\u0430\\u0431\\u043e\\u0442\", \"\\u0424\\u043e\\u0442\\u043e\"]}}]"
   }
},
{
   "model": "admin.logentry",
   "pk": 3,
   "fields": {
      "action_time": "2020-05-20T14:20:17.235Z",
      "user": 1,
      "content_type": 12,
      "object_id": "1",
      "object_repr": "\u041d\u043e\u0432\u043e\u0441\u0442\u044c 1",
      "action_flag": 1,
      "change_message": "[{\"added\": {}}]"
   }
},
{
   "model": "admin.logentry",
   "pk": 4,
   "fields": {
      "action_time": "2020-05-20T14:24:51.437Z",
      "user": 1,
      "content_type": 12,
      "object_id": "2",
      "object_repr": "\u041d\u043e\u0432\u043e\u0441\u0442\u044c 2",
      "action_flag": 1,
      "change_message": "[{\"added\": {}}]"
   }
},
{
   "model": "admin.logentry",
   "pk": 5,
   "fields": {
      "action_time": "2020-05-20T14:38:38.754Z",
      "user": 1,
      "content_type": 9,
      "object_id": "1",
      "object_repr": "\u041e\u041e\u041e \"\u0422\u0435\u043f\u043b\u043e\u0442\u0440\u043e\u043d\"",
      "action_flag": 1,
      "change_message": "[{\"added\": {}}]"
   }
},
{
   "model": "admin.logentry",
   "pk": 6,
   "fields": {
      "action_time": "2020-05-20T14:42:18.936Z",
      "user": 1,
      "content_type": 9,
      "object_id": "1",
      "object_repr": "\u041e\u041e\u041e \"\u0422\u0435\u043f\u043b\u043e\u0442\u0440\u043e\u043d\"",
      "action_flag": 2,
      "change_message": "[{\"changed\": {\"fields\": [\"\\u0424\\u043e\\u0442\\u043e\"]}}]"
   }
},
{
   "model": "admin.logentry",
   "pk": 7,
   "fields": {
      "action_time": "2020-05-20T14:42:35.461Z",
      "user": 1,
      "content_type": 9,
      "object_id": "1",
      "object_repr": "\u041e\u041e\u041e \"\u0422\u0435\u043f\u043b\u043e\u0442\u0440\u043e\u043d\"",
      "action_flag": 2,
      "change_message": "[{\"changed\": {\"fields\": [\"\\u0424\\u043e\\u0442\\u043e\"]}}]"
   }
},
{
   "model": "admin.logentry",
   "pk": 8,
   "fields": {
      "action_time": "2020-05-20T14:47:17.148Z",
      "user": 1,
      "content_type": 12,
      "object_id": "2",
      "object_repr": "\u041d\u043e\u0432\u043e\u0441\u0442\u044c 2",
      "action_flag": 2,
      "change_message": "[{\"changed\": {\"fields\": [\"\\u0410\\u043a\\u0442\\u0443\\u0430\\u043b\\u044c\\u043d\\u043e\\u0441\\u0442\\u044c\"]}}]"
   }
},
{
   "model": "admin.logentry",
   "pk": 9,
   "fields": {
      "action_time": "2020-05-20T14:47:17.152Z",
      "user": 1,
      "content_type": 12,
      "object_id": "1",
      "object_repr": "\u041d\u043e\u0432\u043e\u0441\u0442\u044c 1",
      "action_flag": 2,
      "change_message": "[{\"changed\": {\"fields\": [\"\\u0410\\u043a\\u0442\\u0443\\u0430\\u043b\\u044c\\u043d\\u043e\\u0441\\u0442\\u044c\"]}}]"
   }
},
{
   "model": "admin.logentry",
   "pk": 10,
   "fields": {
      "action_time": "2020-05-20T14:49:28.925Z",
      "user": 1,
      "content_type": 12,
      "object_id": "2",
      "object_repr": "\u041d\u043e\u0432\u043e\u0441\u0442\u044c 2",
      "action_flag": 2,
      "change_message": "[{\"changed\": {\"fields\": [\"\\u0410\\u043a\\u0442\\u0443\\u0430\\u043b\\u044c\\u043d\\u043e\\u0441\\u0442\\u044c\"]}}]"
   }
},
{
   "model": "admin.logentry",
   "pk": 11,
   "fields": {
      "action_time": "2020-05-20T14:49:28.932Z",
      "user": 1,
      "content_type": 12,
      "object_id": "1",
      "object_repr": "\u041d\u043e\u0432\u043e\u0441\u0442\u044c 1",
      "action_flag": 2,
      "change_message": "[{\"changed\": {\"fields\": [\"\\u0410\\u043a\\u0442\\u0443\\u0430\\u043b\\u044c\\u043d\\u043e\\u0441\\u0442\\u044c\"]}}]"
   }
},
{
   "model": "admin.logentry",
   "pk": 12,
   "fields": {
      "action_time": "2020-05-20T17:36:57.296Z",
      "user": 1,
      "content_type": 9,
      "object_id": "1",
      "object_repr": "\u041e\u041e\u041e \"\u0422\u0435\u043f\u043b\u043e\u0442\u0440\u043e\u043d\"",
      "action_flag": 2,
      "change_message": "[{\"changed\": {\"fields\": [\"\\u041e\\u043f\\u0438\\u0441\\u0430\\u043d\\u0438\\u0435 \\u043a\\u043e\\u043c\\u043f\\u0430\\u043d\\u0438\\u0438\"]}}]"
   }
},
{
   "model": "admin.logentry",
   "pk": 13,
   "fields": {
      "action_time": "2020-05-20T17:47:00.381Z",
      "user": 1,
      "content_type": 9,
      "object_id": "1",
      "object_repr": "\u041e\u041e\u041e \"\u0422\u0435\u043f\u043b\u043e\u0442\u0440\u043e\u043d\"",
      "action_flag": 2,
      "change_message": "[]"
   }
},
{
   "model": "admin.logentry",
   "pk": 14,
   "fields": {
      "action_time": "2020-05-20T17:49:42.263Z",
      "user": 1,
      "content_type": 11,
      "object_id": "1",
      "object_repr": "1",
      "action_flag": 1,
      "change_message": "[{\"added\": {}}]"
   }
},
{
   "model": "admin.logentry",
   "pk": 15,
   "fields": {
      "action_time": "2020-05-20T17:50:35.153Z",
      "user": 1,
      "content_type": 11,
      "object_id": "2",
      "object_repr": "2",
      "action_flag": 1,
      "change_message": "[{\"added\": {}}]"
   }
},
{
   "model": "admin.logentry",
   "pk": 16,
   "fields": {
      "action_time": "2020-05-20T17:52:29.387Z",
      "user": 1,
      "content_type": 13,
      "object_id": "1",
      "object_repr": "\u0420\u0430\u0433\u0443\u043b\u0438\u043d",
      "action_flag": 1,
      "change_message": "[{\"added\": {}}]"
   }
},
{
   "model": "admin.logentry",
   "pk": 17,
   "fields": {
      "action_time": "2020-05-20T17:52:58.112Z",
      "user": 1,
      "content_type": 13,
      "object_id": "2",
      "object_repr": "\u041e\u0432\u0441\u044f\u043d\u043d\u0438\u043a\u043e\u0432",
      "action_flag": 1,
      "change_message": "[{\"added\": {}}]"
   }
},
{
   "model": "admin.logentry",
   "pk": 18,
   "fields": {
      "action_time": "2020-05-20T17:53:19.894Z",
      "user": 1,
      "content_type": 13,
      "object_id": "3",
      "object_repr": "\u041c\u0430\u043b\u044c\u0446\u0435\u0432",
      "action_flag": 1,
      "change_message": "[{\"added\": {}}]"
   }
},
{
   "model": "admin.logentry",
   "pk": 19,
   "fields": {
      "action_time": "2020-05-20T18:01:05.720Z",
      "user": 1,
      "content_type": 13,
      "object_id": "1",
      "object_repr": "\u0420\u0430\u0433\u0443\u043b\u0438\u043d",
      "action_flag": 2,
      "change_message": "[]"
   }
},
{
   "model": "admin.logentry",
   "pk": 20,
   "fields": {
      "action_time": "2020-05-20T18:02:51.319Z",
      "user": 1,
      "content_type": 15,
      "object_id": "1",
      "object_repr": "\u0412\u0441\u0442\u0440\u043e\u0435\u043d\u043d\u044b\u0439 \u0442\u0435\u043f\u043b\u043e\u0432\u043e\u0439 \u043f\u0443\u043d\u043a\u0442 \u0434\u043b\u044f \u0423\u043d\u0438\u0432\u0435\u0440\u0441\u0438\u0442\u0435\u0442\u0430",
      "action_flag": 1,
      "change_message": "[{\"added\": {}}]"
   }
},
{
   "model": "admin.logentry",
   "pk": 21,
   "fields": {
      "action_time": "2020-05-20T18:03:06.144Z",
      "user": 1,
      "content_type": 15,
      "object_id": "1",
      "object_repr": "\u0412\u0441\u0442\u0440\u043e\u0435\u043d\u043d\u044b\u0439 \u0442\u0435\u043f\u043b\u043e\u0432\u043e\u0439 \u043f\u0443\u043d\u043a\u0442 \u0434\u043b\u044f \u0423\u043d\u0438\u0432\u0435\u0440\u0441\u0438\u0442\u0435\u0442\u0430",
      "action_flag": 2,
      "change_message": "[{\"changed\": {\"fields\": [\"\\u0410\\u0432\\u0430\\u0442\\u0430\\u0440 \\u043e\\u0431\\u044a\\u0435\\u043a\\u0442\\u0430\"]}}, {\"added\": {\"name\": \"\\u041f\\u043e\\u0434\\u0440\\u043e\\u0431\\u043d\\u0430\\u044f \\u0438\\u043d\\u0444\\u043e\\u0440\\u043c\\u0430\\u0446\\u0438\\u044f \\u043a \\u043e\\u0431\\u044a\\u0435\\u043a\\u0442\\u0443\", \"object\": \"\\u0412\\u0441\\u0442\\u0440\\u043e\\u0435\\u043d\\u043d\\u044b\\u0439 \\u0442\\u0435\\u043f\\u043b\\u043e\\u0432\\u043e\\u0439 \\u043f\\u0443\\u043d\\u043a\\u0442 \\u0434\\u043b\\u044f \\u0423\\u043d\\u0438\\u0432\\u0435\\u0440\\u0441\\u0438\\u0442\\u0435\\u0442\\u0430\"}}, {\"added\": {\"name\": \"\\u041f\\u043e\\u0434\\u0440\\u043e\\u0431\\u043d\\u0430\\u044f \\u0438\\u043d\\u0444\\u043e\\u0440\\u043c\\u0430\\u0446\\u0438\\u044f \\u043a \\u043e\\u0431\\u044a\\u0435\\u043a\\u0442\\u0443\", \"object\": \"\\u0412\\u0441\\u0442\\u0440\\u043e\\u0435\\u043d\\u043d\\u044b\\u0439 \\u0442\\u0435\\u043f\\u043b\\u043e\\u0432\\u043e\\u0439 \\u043f\\u0443\\u043d\\u043a\\u0442 \\u0434\\u043b\\u044f \\u0423\\u043d\\u0438\\u0432\\u0435\\u0440\\u0441\\u0438\\u0442\\u0435\\u0442\\u0430\"}}]"
   }
},
{
   "model": "admin.logentry",
   "pk": 22,
   "fields": {
      "action_time": "2020-05-20T18:03:22.000Z",
      "user": 1,
      "content_type": 15,
      "object_id": "2",
      "object_repr": "\u0412\u0441\u0442\u0440\u043e\u0435\u043d\u043d\u044b\u0439 \u0442\u0435\u043f\u043b\u043e\u0432\u043e\u0439 \u043f\u0443\u043d\u043a\u0442 \u0434\u043b\u044f \u0423\u043d\u0438\u0432\u0435\u0440\u0441\u0438\u0442\u0435\u0442\u0430",
      "action_flag": 1,
      "change_message": "[{\"added\": {}}]"
   }
},
{
   "model": "admin.logentry",
   "pk": 23,
   "fields": {
      "action_time": "2020-05-20T18:03:43.670Z",
      "user": 1,
      "content_type": 15,
      "object_id": "2",
      "object_repr": "\u0412\u0441\u0442\u0440\u043e\u0435\u043d\u043d\u044b\u0439 \u0442\u0435\u043f\u043b\u043e\u0432\u043e\u0439 \u043f\u0443\u043d\u043a\u0442 \u0434\u043b\u044f \u0423\u043d\u0438\u0432\u0435\u0440\u0441\u0438\u0442\u0435\u0442\u0430",
      "action_flag": 2,
      "change_message": "[{\"changed\": {\"fields\": [\"\\u0410\\u0432\\u0430\\u0442\\u0430\\u0440 \\u043e\\u0431\\u044a\\u0435\\u043a\\u0442\\u0430\"]}}, {\"added\": {\"name\": \"\\u041f\\u043e\\u0434\\u0440\\u043e\\u0431\\u043d\\u0430\\u044f \\u0438\\u043d\\u0444\\u043e\\u0440\\u043c\\u0430\\u0446\\u0438\\u044f \\u043a \\u043e\\u0431\\u044a\\u0435\\u043a\\u0442\\u0443\", \"object\": \"\\u0412\\u0441\\u0442\\u0440\\u043e\\u0435\\u043d\\u043d\\u044b\\u0439 \\u0442\\u0435\\u043f\\u043b\\u043e\\u0432\\u043e\\u0439 \\u043f\\u0443\\u043d\\u043a\\u0442 \\u0434\\u043b\\u044f \\u0423\\u043d\\u0438\\u0432\\u0435\\u0440\\u0441\\u0438\\u0442\\u0435\\u0442\\u0430\"}}, {\"added\": {\"name\": \"\\u041f\\u043e\\u0434\\u0440\\u043e\\u0431\\u043d\\u0430\\u044f \\u0438\\u043d\\u0444\\u043e\\u0440\\u043c\\u0430\\u0446\\u0438\\u044f \\u043a \\u043e\\u0431\\u044a\\u0435\\u043a\\u0442\\u0443\", \"object\": \"\\u0412\\u0441\\u0442\\u0440\\u043e\\u0435\\u043d\\u043d\\u044b\\u0439 \\u0442\\u0435\\u043f\\u043b\\u043e\\u0432\\u043e\\u0439 \\u043f\\u0443\\u043d\\u043a\\u0442 \\u0434\\u043b\\u044f \\u0423\\u043d\\u0438\\u0432\\u0435\\u0440\\u0441\\u0438\\u0442\\u0435\\u0442\\u0430\"}}]"
   }
},
{
   "model": "admin.logentry",
   "pk": 24,
   "fields": {
      "action_time": "2020-05-20T18:22:40.596Z",
      "user": 1,
      "content_type": 15,
      "object_id": "1",
      "object_repr": "\u0412\u0441\u0442\u0440\u043e\u0435\u043d\u043d\u044b\u0439 \u0442\u0435\u043f\u043b\u043e\u0432\u043e\u0439 \u043f\u0443\u043d\u043a\u0442 \u0434\u043b\u044f \u0423\u043d\u0438\u0432\u0435\u0440\u0441\u0438\u0442\u0435\u0442\u0430",
      "action_flag": 2,
      "change_message": "[{\"changed\": {\"name\": \"\\u041f\\u043e\\u0434\\u0440\\u043e\\u0431\\u043d\\u0430\\u044f \\u0438\\u043d\\u0444\\u043e\\u0440\\u043c\\u0430\\u0446\\u0438\\u044f \\u043a \\u043e\\u0431\\u044a\\u0435\\u043a\\u0442\\u0443\", \"object\": \"\\u0412\\u0441\\u0442\\u0440\\u043e\\u0435\\u043d\\u043d\\u044b\\u0439 \\u0442\\u0435\\u043f\\u043b\\u043e\\u0432\\u043e\\u0439 \\u043f\\u0443\\u043d\\u043a\\u0442 \\u0434\\u043b\\u044f \\u0423\\u043d\\u0438\\u0432\\u0435\\u0440\\u0441\\u0438\\u0442\\u0435\\u0442\\u0430\", \"fields\": [\"\\u0414\\u043e\\u043f. \\u0444\\u043e\\u0442\\u043e\"]}}]"
   }
},
{
   "model": "admin.logentry",
   "pk": 25,
   "fields": {
      "action_time": "2020-05-20T18:22:55.019Z",
      "user": 1,
      "content_type": 15,
      "object_id": "1",
      "object_repr": "\u0412\u0441\u0442\u0440\u043e\u0435\u043d\u043d\u044b\u0439 \u0442\u0435\u043f\u043b\u043e\u0432\u043e\u0439 \u043f\u0443\u043d\u043a\u0442 \u0434\u043b\u044f \u0423\u043d\u0438\u0432\u0435\u0440\u0441\u0438\u0442\u0435\u0442\u0430",
      "action_flag": 2,
      "change_message": "[{\"changed\": {\"name\": \"\\u041f\\u043e\\u0434\\u0440\\u043e\\u0431\\u043d\\u0430\\u044f \\u0438\\u043d\\u0444\\u043e\\u0440\\u043c\\u0430\\u0446\\u0438\\u044f \\u043a \\u043e\\u0431\\u044a\\u0435\\u043a\\u0442\\u0443\", \"object\": \"\\u0412\\u0441\\u0442\\u0440\\u043e\\u0435\\u043d\\u043d\\u044b\\u0439 \\u0442\\u0435\\u043f\\u043b\\u043e\\u0432\\u043e\\u0439 \\u043f\\u0443\\u043d\\u043a\\u0442 \\u0434\\u043b\\u044f \\u0423\\u043d\\u0438\\u0432\\u0435\\u0440\\u0441\\u0438\\u0442\\u0435\\u0442\\u0430\", \"fields\": [\"\\u0414\\u043e\\u043f. \\u0444\\u043e\\u0442\\u043e\"]}}]"
   }
},
{
   "model": "admin.logentry",
   "pk": 26,
   "fields": {
      "action_time": "2020-05-20T18:23:08.905Z",
      "user": 1,
      "content_type": 15,
      "object_id": "1",
      "object_repr": "\u0412\u0441\u0442\u0440\u043e\u0435\u043d\u043d\u044b\u0439 \u0442\u0435\u043f\u043b\u043e\u0432\u043e\u0439 \u043f\u0443\u043d\u043a\u0442 \u0434\u043b\u044f \u0423\u043d\u0438\u0432\u0435\u0440\u0441\u0438\u0442\u0435\u0442\u0430",
      "action_flag": 2,
      "change_message": "[{\"added\": {\"name\": \"\\u041f\\u043e\\u0434\\u0440\\u043e\\u0431\\u043d\\u0430\\u044f \\u0438\\u043d\\u0444\\u043e\\u0440\\u043c\\u0430\\u0446\\u0438\\u044f \\u043a \\u043e\\u0431\\u044a\\u0435\\u043a\\u0442\\u0443\", \"object\": \"\\u0412\\u0441\\u0442\\u0440\\u043e\\u0435\\u043d\\u043d\\u044b\\u0439 \\u0442\\u0435\\u043f\\u043b\\u043e\\u0432\\u043e\\u0439 \\u043f\\u0443\\u043d\\u043a\\u0442 \\u0434\\u043b\\u044f \\u0423\\u043d\\u0438\\u0432\\u0435\\u0440\\u0441\\u0438\\u0442\\u0435\\u0442\\u0430\"}}]"
   }
},
{
   "model": "admin.logentry",
   "pk": 27,
   "fields": {
      "action_time": "2020-05-20T18:57:36.423Z",
      "user": 1,
      "content_type": 9,
      "object_id": "1",
      "object_repr": "\u041e\u041e\u041e \"\u0422\u0435\u043f\u043b\u043e\u0442\u0440\u043e\u043d\"",
      "action_flag": 2,
      "change_message": "[{\"changed\": {\"fields\": [\"\\u041d\\u043e\\u043c\\u0435\\u0440 \\u0442\\u0435\\u043b.\"]}}]"
   }
},
{
   "model": "admin.logentry",
   "pk": 28,
   "fields": {
      "action_time": "2020-05-20T19:13:19.812Z",
      "user": 1,
      "content_type": 7,
      "object_id": "1",
      "object_repr": "\u0421\u0435\u0440\u0432\u0438\u0441\u043d\u043e\u0435 \u043e\u0431\u0441\u043b\u0443\u0436\u0438\u0432\u0430\u043d\u0438\u0435",
      "action_flag": 2,
      "change_message": "[{\"changed\": {\"fields\": [\"\\u0424\\u043e\\u0442\\u043e\"]}}]"
   }
},
{
   "model": "admin.logentry",
   "pk": 29,
   "fields": {
      "action_time": "2020-05-20T19:18:04.692Z",
      "user": 1,
      "content_type": 7,
      "object_id": "1",
      "object_repr": "\u0421\u0435\u0440\u0432\u0438\u0441\u043d\u043e\u0435 \u043e\u0431\u0441\u043b\u0443\u0436\u0438\u0432\u0430\u043d\u0438\u0435",
      "action_flag": 2,
      "change_message": "[{\"changed\": {\"fields\": [\"\\u0424\\u043e\\u0442\\u043e\"]}}]"
   }
},
{
   "model": "admin.logentry",
   "pk": 30,
   "fields": {
      "action_time": "2020-05-20T19:20:41.875Z",
      "user": 1,
      "content_type": 7,
      "object_id": "1",
      "object_repr": "\u0421\u0435\u0440\u0432\u0438\u0441\u043d\u043e\u0435 \u043e\u0431\u0441\u043b\u0443\u0436\u0438\u0432\u0430\u043d\u0438\u0435",
      "action_flag": 2,
      "change_message": "[{\"changed\": {\"fields\": [\"\\u0424\\u043e\\u0442\\u043e\"]}}]"
   }
},
{
   "model": "admin.logentry",
   "pk": 31,
   "fields": {
      "action_time": "2020-05-20T22:27:29.200Z",
      "user": 1,
      "content_type": 18,
      "object_id": "1",
      "object_repr": "\u0423\u0432\u0435\u0434\u043e\u043c\u043b\u0435\u043d\u0438\u0435 \u0430\u0434\u043c\u0438\u043d\u0438\u0441\u0442\u0440\u0430\u0442\u043e\u0440\u0443",
      "action_flag": 1,
      "change_message": "[{\"added\": {}}]"
   }
},
{
   "model": "admin.logentry",
   "pk": 32,
   "fields": {
      "action_time": "2020-05-20T22:27:37.939Z",
      "user": 1,
      "content_type": 18,
      "object_id": "2",
      "object_repr": "\u0423\u0432\u0435\u0434\u043e\u043c\u043b\u0435\u043d\u0438\u0435 \u043a\u043b\u0438\u0435\u043d\u0442\u0443",
      "action_flag": 1,
      "change_message": "[{\"added\": {}}]"
   }
},
{
   "model": "admin.logentry",
   "pk": 33,
   "fields": {
      "action_time": "2020-05-22T11:31:47.586Z",
      "user": 1,
      "content_type": 7,
      "object_id": "1",
      "object_repr": "\u0421\u0435\u0440\u0432\u0438\u0441\u043d\u043e\u0435 \u043e\u0431\u0441\u043b\u0443\u0436\u0438\u0432\u0430\u043d\u0438\u0435",
      "action_flag": 2,
      "change_message": "[{\"changed\": {\"fields\": [\"\\u0417\\u0430\\u0433\\u043e\\u043b\\u043e\\u0432\\u043e\\u043a\", \"\\u041e\\u043f\\u0438\\u0441\\u0430\\u043d\\u0438\\u0435 \\u0440\\u0430\\u0431\\u043e\\u0442\"]}}]"
   }
},
{
   "model": "admin.logentry",
   "pk": 34,
   "fields": {
      "action_time": "2020-05-22T11:34:01.843Z",
      "user": 1,
      "content_type": 7,
      "object_id": "2",
      "object_repr": "\u0410\u0432\u0442\u043e\u043c\u0430\u0442\u0438\u0437\u0430\u0446\u0438\u044f",
      "action_flag": 1,
      "change_message": "[{\"added\": {}}]"
   }
},
{
   "model": "admin.logentry",
   "pk": 35,
   "fields": {
      "action_time": "2020-05-22T11:37:38.977Z",
      "user": 1,
      "content_type": 7,
      "object_id": "2",
      "object_repr": "\u0410\u0432\u0442\u043e\u043c\u0430\u0442\u0438\u0437\u0430\u0446\u0438\u044f",
      "action_flag": 2,
      "change_message": "[]"
   }
},
{
   "model": "admin.logentry",
   "pk": 36,
   "fields": {
      "action_time": "2020-05-22T11:38:23.766Z",
      "user": 1,
      "content_type": 7,
      "object_id": "3",
      "object_repr": "\u0420\u0430\u0437\u0440\u0430\u0431\u043e\u0442\u043a\u0430 \u041f\u041e",
      "action_flag": 1,
      "change_message": "[{\"added\": {}}]"
   }
},
{
   "model": "admin.logentry",
   "pk": 37,
   "fields": {
      "action_time": "2020-05-22T11:40:33.463Z",
      "user": 1,
      "content_type": 7,
      "object_id": "4",
      "object_repr": "\u041f\u0440\u043e\u0435\u043a\u0442\u0438\u0440\u043e\u0432\u0430\u043d\u0438\u0435",
      "action_flag": 1,
      "change_message": "[{\"added\": {}}]"
   }
},
{
   "model": "admin.logentry",
   "pk": 38,
   "fields": {
      "action_time": "2020-05-22T11:40:49.501Z",
      "user": 1,
      "content_type": 7,
      "object_id": "4",
      "object_repr": "\u041f\u0440\u043e\u0435\u043a\u0442\u0438\u0440\u043e\u0432\u0430\u043d\u0438\u0435",
      "action_flag": 2,
      "change_message": "[{\"changed\": {\"fields\": [\"\\u0417\\u0430\\u0433\\u043e\\u043b\\u043e\\u0432\\u043e\\u043a\"]}}]"
   }
},
{
   "model": "admin.logentry",
   "pk": 39,
   "fields": {
      "action_time": "2020-05-22T11:42:01.535Z",
      "user": 1,
      "content_type": 7,
      "object_id": "5",
      "object_repr": "\u041f\u0443\u0441\u043a\u043e\u043d\u0430\u043b\u0430\u0434\u043e\u0447\u043d\u044b\u0435 \u0440\u0430\u0431\u043e\u0442\u044b",
      "action_flag": 1,
      "change_message": "[{\"added\": {}}]"
   }
},
{
   "model": "admin.logentry",
   "pk": 40,
   "fields": {
      "action_time": "2020-05-22T11:42:26.003Z",
      "user": 1,
      "content_type": 7,
      "object_id": "6",
      "object_repr": "\u041f\u0440\u043e\u0438\u0437\u0432\u043e\u0434\u0441\u0442\u0432\u043e \u0411\u041c\u041a \u043f\u043e\u0434 \u043a\u043b\u044e\u0447",
      "action_flag": 1,
      "change_message": "[{\"added\": {}}]"
   }
},
{
   "model": "admin.logentry",
   "pk": 41,
   "fields": {
      "action_time": "2020-05-22T11:42:46.585Z",
      "user": 1,
      "content_type": 7,
      "object_id": "5",
      "object_repr": "\u041f\u0443\u0441\u043a\u043e\u043d\u0430\u043b\u0430\u0434\u043e\u0447\u043d\u044b\u0435 \u0440\u0430\u0431\u043e\u0442\u044b",
      "action_flag": 2,
      "change_message": "[{\"changed\": {\"fields\": [\"\\u0424\\u043e\\u0442\\u043e\"]}}]"
   }
},
{
   "model": "admin.logentry",
   "pk": 42,
   "fields": {
      "action_time": "2020-05-22T11:46:07.776Z",
      "user": 1,
      "content_type": 7,
      "object_id": "1",
      "object_repr": "\u0421\u0435\u0440\u0432\u0438\u0441\u043d\u043e\u0435 \u043e\u0431\u0441\u043b\u0443\u0436\u0438\u0432\u0430\u043d\u0438\u0435",
      "action_flag": 2,
      "change_message": "[{\"changed\": {\"fields\": [\"\\u0424\\u043e\\u0442\\u043e\"]}}]"
   }
},
{
   "model": "admin.logentry",
   "pk": 43,
   "fields": {
      "action_time": "2020-05-22T11:52:41.525Z",
      "user": 1,
      "content_type": 7,
      "object_id": "6",
      "object_repr": "\u041f\u0440\u043e\u0438\u0437\u0432\u043e\u0434\u0441\u0442\u0432\u043e \u0411\u041c\u041a \u043f\u043e\u0434 \u043a\u043b\u044e\u0447",
      "action_flag": 2,
      "change_message": "[{\"changed\": {\"fields\": [\"\\u0424\\u043e\\u0442\\u043e\"]}}]"
   }
},
{
   "model": "admin.logentry",
   "pk": 44,
   "fields": {
      "action_time": "2020-05-22T11:56:49.429Z",
      "user": 1,
      "content_type": 12,
      "object_id": "1",
      "object_repr": "\u0421\u0438\u043d\u0445\u0440\u043e\u043d\u043d\u044b\u0435 \u043c\u0443\u043b\u044c\u0442\u0438\u0441\u0438\u0441\u0442\u0435\u043c\u044b",
      "action_flag": 2,
      "change_message": "[{\"changed\": {\"fields\": [\"\\u0417\\u0430\\u0433\\u043e\\u043b\\u043e\\u0432\\u043e\\u043a \\u043d\\u043e\\u0432\\u043e\\u0441\\u0442\\u0438\"]}}]"
   }
},
{
   "model": "admin.logentry",
   "pk": 45,
   "fields": {
      "action_time": "2020-05-22T11:57:22.188Z",
      "user": 1,
      "content_type": 12,
      "object_id": "1",
      "object_repr": "\u0421\u0438\u043d\u0445\u0440\u043e\u043d\u043d\u044b\u0435 \u043c\u0443\u043b\u044c\u0442\u0438\u0441\u0438\u0441\u0442\u0435\u043c\u044b",
      "action_flag": 2,
      "change_message": "[{\"changed\": {\"fields\": [\"\\u0421\\u043b\\u0430\\u0433\", \"\\u041a\\u0440\\u0430\\u0442\\u043a\\u043e\\u0435 \\u043e\\u043f\\u0438\\u0441\\u0430\\u043d\\u0438\\u0435 \\u043a \\u043d\\u043e\\u0432\\u043e\\u0441\\u0442\\u0438\"]}}]"
   }
},
{
   "model": "admin.logentry",
   "pk": 46,
   "fields": {
      "action_time": "2020-05-22T11:58:05.958Z",
      "user": 1,
      "content_type": 12,
      "object_id": "2",
      "object_repr": "Mitsubishi Electric \u0432\u043e\u043a\u0440\u0443\u0433 \u0441\u0432\u0435\u0442\u0430",
      "action_flag": 2,
      "change_message": "[{\"changed\": {\"fields\": [\"\\u0417\\u0430\\u0433\\u043e\\u043b\\u043e\\u0432\\u043e\\u043a \\u043d\\u043e\\u0432\\u043e\\u0441\\u0442\\u0438\", \"\\u0421\\u043b\\u0430\\u0433\"]}}]"
   }
},
{
   "model": "admin.logentry",
   "pk": 47,
   "fields": {
      "action_time": "2020-05-22T11:59:06.201Z",
      "user": 1,
      "content_type": 12,
      "object_id": "3",
      "object_repr": "Android vs IOS",
      "action_flag": 1,
      "change_message": "[{\"added\": {}}]"
   }
},
{
   "model": "admin.logentry",
   "pk": 48,
   "fields": {
      "action_time": "2020-05-22T12:20:56.086Z",
      "user": 1,
      "content_type": 12,
      "object_id": "4",
      "object_repr": "\u041f\u0443\u0441\u043a\u043e-\u043d\u0430\u043b\u0430\u0434\u043e\u0447\u043d\u044b\u0435 \u0440\u0430\u0431\u043e\u0442\u044b \u0432 \u0421\u0430\u0445\u0430\u043b\u0438\u043d\u0441\u043a\u043e\u0439 \u043e\u0431\u043b\u0430\u0441\u0442\u0438",
      "action_flag": 1,
      "change_message": "[{\"added\": {}}]"
   }
},
{
   "model": "admin.logentry",
   "pk": 49,
   "fields": {
      "action_time": "2020-05-22T12:21:49.610Z",
      "user": 1,
      "content_type": 12,
      "object_id": "4",
      "object_repr": "\u041f\u0443\u0441\u043a\u043e-\u043d\u0430\u043b\u0430\u0434\u043e\u0447\u043d\u044b\u0435 \u0440\u0430\u0431\u043e\u0442\u044b \u0432 \u0421\u0430\u0445\u0430\u043b\u0438\u043d\u0441\u043a\u043e\u0439 \u043e\u0431\u043b\u0430\u0441\u0442\u0438",
      "action_flag": 2,
      "change_message": "[{\"changed\": {\"fields\": [\"\\u0424\\u043e\\u0442\\u043e\"]}}]"
   }
},
{
   "model": "admin.logentry",
   "pk": 50,
   "fields": {
      "action_time": "2020-05-22T12:29:30.487Z",
      "user": 1,
      "content_type": 9,
      "object_id": "1",
      "object_repr": "\u041e\u041e\u041e \"\u0422\u0435\u043f\u043b\u043e\u0442\u0440\u043e\u043d\"",
      "action_flag": 2,
      "change_message": "[{\"changed\": {\"fields\": [\"\\u0417\\u0430\\u0433\\u043e\\u043b\\u043e\\u0432\\u043e\\u043a \\\"\\u041e \\u043a\\u043e\\u043c\\u043f\\u0430\\u043d\\u0438\\u0438\\\"\"]}}]"
   }
},
{
   "model": "admin.logentry",
   "pk": 51,
   "fields": {
      "action_time": "2020-05-22T12:34:37.546Z",
      "user": 1,
      "content_type": 7,
      "object_id": "6",
      "object_repr": "\u041f\u0440\u043e\u0438\u0437\u0432\u043e\u0434\u0441\u0442\u0432\u043e \u0411\u041c\u041a \u043f\u043e\u0434 \u043a\u043b\u044e\u0447",
      "action_flag": 2,
      "change_message": "[{\"changed\": {\"fields\": [\"\\u0417\\u0430\\u0433\\u043e\\u043b\\u043e\\u0432\\u043e\\u043a\", \"\\u041e\\u043f\\u0438\\u0441\\u0430\\u043d\\u0438\\u0435 \\u0440\\u0430\\u0431\\u043e\\u0442\"]}}]"
   }
},
{
   "model": "admin.logentry",
   "pk": 52,
   "fields": {
      "action_time": "2020-05-22T12:40:16.603Z",
      "user": 1,
      "content_type": 12,
      "object_id": "1",
      "object_repr": "\"\u041c\u043e\u0441\u0433\u0430\u0437\" \u043f\u043e\u0447\u0442\u0438 \u0437\u0430\u043a\u043e\u043d\u0447\u0438\u043b \u0440\u0430\u0431\u043e\u0442\u044b \u043d\u0430 \u043a\u043e\u0442\u0435\u043b\u044c\u043d\u043e\u0439 \u043a\u043e\u0440\u043e\u043d\u0430\u0432\u0438\u0440\u0443\u0441\u043d\u043e\u0433\u043e \u0446\u0435\u043d\u0442\u0440\u0430",
      "action_flag": 2,
      "change_message": "[{\"changed\": {\"fields\": [\"\\u0417\\u0430\\u0433\\u043e\\u043b\\u043e\\u0432\\u043e\\u043a \\u043d\\u043e\\u0432\\u043e\\u0441\\u0442\\u0438\", \"\\u0421\\u043b\\u0430\\u0433\", \"\\u041a\\u0440\\u0430\\u0442\\u043a\\u043e\\u0435 \\u043e\\u043f\\u0438\\u0441\\u0430\\u043d\\u0438\\u0435 \\u043a \\u043d\\u043e\\u0432\\u043e\\u0441\\u0442\\u0438\", \"\\u0422\\u0435\\u043a\\u0441\\u0442 \\u043d\\u043e\\u0432\\u043e\\u0441\\u0442\\u0438\"]}}]"
   }
},
{
   "model": "admin.logentry",
   "pk": 53,
   "fields": {
      "action_time": "2020-05-22T12:41:31.087Z",
      "user": 1,
      "content_type": 12,
      "object_id": "2",
      "object_repr": "Mitsubishi Electric \u0432\u043e\u043a\u0440\u0443\u0433 \u0441\u0432\u0435\u0442\u0430",
      "action_flag": 2,
      "change_message": "[{\"changed\": {\"fields\": [\"\\u041a\\u0440\\u0430\\u0442\\u043a\\u043e\\u0435 \\u043e\\u043f\\u0438\\u0441\\u0430\\u043d\\u0438\\u0435 \\u043a \\u043d\\u043e\\u0432\\u043e\\u0441\\u0442\\u0438\", \"\\u0422\\u0435\\u043a\\u0441\\u0442 \\u043d\\u043e\\u0432\\u043e\\u0441\\u0442\\u0438\"]}}]"
   }
},
{
   "model": "admin.logentry",
   "pk": 54,
   "fields": {
      "action_time": "2020-05-22T12:42:07.875Z",
      "user": 1,
      "content_type": 12,
      "object_id": "3",
      "object_repr": "Android vs IOS",
      "action_flag": 2,
      "change_message": "[{\"changed\": {\"fields\": [\"\\u041a\\u0440\\u0430\\u0442\\u043a\\u043e\\u0435 \\u043e\\u043f\\u0438\\u0441\\u0430\\u043d\\u0438\\u0435 \\u043a \\u043d\\u043e\\u0432\\u043e\\u0441\\u0442\\u0438\", \"\\u0422\\u0435\\u043a\\u0441\\u0442 \\u043d\\u043e\\u0432\\u043e\\u0441\\u0442\\u0438\"]}}]"
   }
}
]
